[2026-09-29T16:43:56.943297400] Directory does not exist. / El directorio no existe.
[2026-09-30T09:38:22.268508] .env -> configuration
[2026-09-30T09:38:22.274367500] .env moved to / se movio a configuration
[2026-09-30T09:38:22.274935100] .gitignore -> development
[2026-09-30T09:38:22.276176300] .gitignore moved to / se movio a development
[2026-09-30T09:38:22.276724400] .token_cache.json -> configuration
[2026-09-30T09:38:22.277958500] .token_cache.json moved to / se movio a configuration
[2026-09-30T09:38:22.277958500] 100game.json -> configuration
[2026-09-30T09:38:22.279970200] 100game.json moved to / se movio a configuration
[2026-09-30T09:38:22.281478] 100punch.json -> configuration
[2026-09-30T09:38:22.282898700] 100punch.json moved to / se movio a configuration
[2026-09-30T09:38:22.282898700] 19a0c588468.90707808b56beaee.png -> images
[2026-09-30T09:38:22.284232800] 19a0c588468.90707808b56beaee.png moved to / se movio a images
[2026-09-30T09:38:22.284232800] 19a0c5e4942.bdb6ef4b192ebb33.png -> images
[2026-09-30T09:38:22.285706] 19a0c5e4942.bdb6ef4b192ebb33.png moved to / se movio a images
[2026-09-30T09:38:22.287039400] 19a0c61676b.80620952c93c1289.png -> images
[2026-09-30T09:38:22.290178800] 19a0c61676b.80620952c93c1289.png moved to / se movio a images
[2026-09-30T09:38:22.290742400] 19a0c654ec2.bc8ae4db1701631f.png -> images
[2026-09-30T09:38:22.290742400] 19a0c654ec2.bc8ae4db1701631f.png moved to / se movio a images
[2026-09-30T09:38:22.291778400] 19a0c78562d.970bb0bbe99feafa.png -> images
[2026-09-30T09:38:22.293728] 19a0c78562d.970bb0bbe99feafa.png moved to / se movio a images
[2026-09-30T09:38:22.293728] 19a0c7b4687.a20a00a9f82f2eb1 1.png -> images
[2026-09-30T09:38:22.294736900] 19a0c7b4687.a20a00a9f82f2eb1 1.png moved to / se movio a images
[2026-09-30T09:38:22.296159900] 19a0c7b4687.a20a00a9f82f2eb1.png -> images
[2026-09-30T09:38:22.298327700] 19a0c7b4687.a20a00a9f82f2eb1.png moved to / se movio a images
[2026-09-30T09:38:22.298327700] 19a0c7e90f0.82c316e4917dd5e9.png -> images
[2026-09-30T09:38:22.299425300] 19a0c7e90f0.82c316e4917dd5e9.png moved to / se movio a images
[2026-09-30T09:38:22.300909100] 19a11da6762.8de3f1532b00cd61 1.png -> images
[2026-09-30T09:38:22.303611100] 19a11da6762.8de3f1532b00cd61 1.png moved to / se movio a images
[2026-09-30T09:38:22.304562100] 19a11da6762.8de3f1532b00cd61.png -> images
[2026-09-30T09:38:22.305781200] 19a11da6762.8de3f1532b00cd61.png moved to / se movio a images
[2026-09-30T09:38:22.305781200] 19c6c053359.9e19f597105ca689 1.png -> images
[2026-09-30T09:38:22.307202600] 19c6c053359.9e19f597105ca689 1.png moved to / se movio a images
[2026-09-30T09:38:22.307202600] 19c6c053359.9e19f597105ca689.png -> images
[2026-09-30T09:38:22.308219600] 19c6c053359.9e19f597105ca689.png moved to / se movio a images
[2026-09-30T09:38:22.308219600] 1v1.json -> configuration
[2026-09-30T09:38:22.308219600] 1v1.json moved to / se movio a configuration
[2026-09-30T09:38:22.310270900] 2026-09-16__10-36-22_DDULog.xml -> configuration
[2026-09-30T09:38:22.311637200] 2026-09-16__10-36-22_DDULog.xml moved to / se movio a configuration
[2026-09-30T09:38:22.312648] 2026-09-16__10-48-44_DDULog.xml -> configuration
[2026-09-30T09:38:23.031756600] 2026-09-16__10-48-44_DDULog.xml moved to / se movio a configuration
[2026-09-30T09:38:23.031756600] 2026-09-18-11-21-12-686.jpg -> images
[2026-09-30T09:38:23.031756600] 2026-09-18-11-21-12-686.jpg moved to / se movio a images
[2026-09-30T09:38:23.031756600] 2026-09-18-11-34-32-334.jpg -> images
[2026-09-30T09:38:23.031756600] 2026-09-18-11-34-32-334.jpg moved to / se movio a images
[2026-09-30T09:38:23.031756600] 2026-09-18-12-15-05-258.jpg -> images
[2026-09-30T09:38:23.041663] 2026-09-18-12-15-05-258.jpg moved to / se movio a images
[2026-09-30T09:38:23.043362100] 2026-09-18-12-23-53-571.jpg -> images
[2026-09-30T09:38:23.046443500] 2026-09-18-12-23-53-571.jpg moved to / se movio a images
[2026-09-30T09:38:23.046443500] 2_004-Algoritmos_Ordenamiento.pdf -> documents
[2026-09-30T09:38:23.048381100] 2_004-Algoritmos_Ordenamiento.pdf moved to / se movio a documents
[2026-09-30T09:38:23.051553900] 30 miniproyects challange.md -> documents
[2026-09-30T09:38:23.052565900] 30 miniproyects challange.md moved to / se movio a documents
[2026-09-30T09:38:23.053686400] 3secret1.json -> configuration
[2026-09-30T09:38:23.054760800] 3secret1.json moved to / se movio a configuration
[2026-09-30T09:38:23.055668800] 7zDP_LZMA.cfg -> configuration
[2026-09-30T09:38:23.055668800] 7zDP_LZMA.cfg moved to / se movio a configuration
[2026-09-30T09:38:23.057544100] Abril-Mayo Floristería Guardabarranco.xlsx -> spreadsheets
[2026-09-30T09:38:23.059044300] Abril-Mayo Floristería Guardabarranco.xlsx moved to / se movio a spreadsheets
[2026-09-30T09:38:23.060063400] accessible-urls.txt -> documents
[2026-09-30T09:38:23.060063400] accessible-urls.txt moved to / se movio a documents
[2026-09-30T09:38:23.061816900] Actividad No. 4 - Estado de Resultado..docx -> documents
[2026-09-30T09:38:23.063830400] Actividad No. 4 - Estado de Resultado..docx moved to / se movio a documents
[2026-09-30T09:38:23.064843500] Activity.log -> logs
[2026-09-30T09:38:23.067272800] Activity.log moved to / se movio a logs
[2026-09-30T09:38:23.068300600] actujueguito.html -> programming
[2026-09-30T09:38:23.070027700] actujueguito.html moved to / se movio a programming
[2026-09-30T09:38:23.070681700] adb.exe -> executables
[2026-09-30T09:38:23.071690500] adb.exe moved to / se movio a executables
[2026-09-30T09:38:23.072545700] air_or_light.json -> configuration
[2026-09-30T09:38:23.072545700] air_or_light.json moved to / se movio a configuration
[2026-09-30T09:38:23.072545700] Algoritmo de Banco.md -> documents
[2026-09-30T09:38:23.072545700] Algoritmo de Banco.md moved to / se movio a documents
[2026-09-30T09:38:23.076255200] allboats.json -> configuration
[2026-09-30T09:38:23.078265100] allboats.json moved to / se movio a configuration
[2026-09-30T09:38:23.079264] allend.json -> configuration
[2026-09-30T09:38:23.081778300] allend.json moved to / se movio a configuration
[2026-09-30T09:38:23.082456800] almond_drink.json -> configuration
[2026-09-30T09:38:23.085521800] almond_drink.json moved to / se movio a configuration
[2026-09-30T09:38:23.086537500] almond_water.json -> configuration
[2026-09-30T09:38:23.087359300] almond_water.json moved to / se movio a configuration
[2026-09-30T09:38:23.087359300] antiguedad.cs -> programming
[2026-09-30T09:38:23.087359300] antiguedad.cs moved to / se movio a programming
[2026-09-30T09:38:23.087359300] API Lyrics Extraction.md -> documents
[2026-09-30T09:38:23.093747400] API Lyrics Extraction.md moved to / se movio a documents
[2026-09-30T09:38:23.094099900] Application_EventLog.csv -> spreadsheets
[2026-09-30T09:38:23.096100400] Application_EventLog.csv moved to / se movio a spreadsheets
[2026-09-30T09:38:23.096100400] Arabic.xml -> configuration
[2026-09-30T09:38:23.098324100] Arabic.xml moved to / se movio a configuration
[2026-09-30T09:38:23.098324100] AreasFG.cs -> programming
[2026-09-30T09:38:23.100832600] AreasFG.cs moved to / se movio a programming
[2026-09-30T09:38:23.102294900] Atmoslogo.bmp -> images
[2026-09-30T09:38:23.105082100] Atmoslogo.bmp moved to / se movio a images
[2026-09-30T09:38:23.105082100] auth.py -> programming
[2026-09-30T09:38:23.106103500] auth.py moved to / se movio a programming
[2026-09-30T09:38:23.106103500] Available_Sleepstates.txt -> documents
[2026-09-30T09:38:23.106103500] Available_Sleepstates.txt moved to / se movio a documents
[2026-09-30T09:38:23.108161900] background.bmp -> images
[2026-09-30T09:38:23.108161900] background.bmp moved to / se movio a images
[2026-09-30T09:38:23.109704300] bacteriajump1.json -> configuration
[2026-09-30T09:38:23.110719700] bacteriajump1.json moved to / se movio a configuration
[2026-09-30T09:38:23.111728400] bad_ending.json -> configuration
[2026-09-30T09:38:23.111728400] bad_ending.json moved to / se movio a configuration
[2026-09-30T09:38:23.113473100] Battery_Report.html -> programming
[2026-09-30T09:38:23.115372700] Battery_Report.html moved to / se movio a programming
[2026-09-30T09:38:23.115899100] BCD.txt -> documents
[2026-09-30T09:38:23.119192900] BCD.txt moved to / se movio a documents
[2026-09-30T09:38:23.119192900] bible_import.exe -> executables
[2026-09-30T09:38:23.120236700] bible_import.exe moved to / se movio a executables
[2026-09-30T09:38:23.121453200] bible_import_WIN.zip -> archives
[2026-09-30T09:38:23.121453200] bible_import_WIN.zip moved to / se movio a archives
[2026-09-30T09:38:23.124052900] BIOS_Settings.txt -> documents
[2026-09-30T09:38:23.125063600] BIOS_Settings.txt moved to / se movio a documents
[2026-09-30T09:38:23.125063600] biskeydump_usb.bin -> executables
[2026-09-30T09:38:23.127176500] biskeydump_usb.bin moved to / se movio a executables
[2026-09-30T09:38:23.127176500] Bitlocker_PCRs.txt -> documents
[2026-09-30T09:38:23.129417700] Bitlocker_PCRs.txt moved to / se movio a documents
[2026-09-30T09:38:23.130420400] Bitlocker_Status.txt -> documents
[2026-09-30T09:38:23.134491300] Bitlocker_Status.txt moved to / se movio a documents
[2026-09-30T09:38:23.135502200] blocks.json -> configuration
[2026-09-30T09:38:23.137577700] blocks.json moved to / se movio a configuration
[2026-09-30T09:38:23.137577700] boot.img -> disk_images
[2026-09-30T09:38:23.138588400] boot.img moved to / se movio a disk_images
[2026-09-30T09:38:23.138588400] boxdeath.json -> configuration
[2026-09-30T09:38:23.141668900] boxdeath.json moved to / se movio a configuration
[2026-09-30T09:38:23.141668900] bpmpfw.bin -> executables
[2026-09-30T09:38:23.144044600] bpmpfw.bin moved to / se movio a executables
[2026-09-30T09:38:23.145047200] bpmpfw_b01.bin -> executables
[2026-09-30T09:38:23.147043700] bpmpfw_b01.bin moved to / se movio a executables
[2026-09-30T09:38:23.149044900] BradburyAPISubAgentService.00.log -> logs
[2026-09-30T09:38:23.151485800] BradburyAPISubAgentService.00.log moved to / se movio a logs
[2026-09-30T09:38:23.151485800] BradburySubAgent.log -> logs
[2026-09-30T09:38:23.152510200] BradburySubAgent.log moved to / se movio a logs
[2026-09-30T09:38:23.153500900] Broadband_Adapter.txt -> documents
[2026-09-30T09:38:23.154393500] Broadband_Adapter.txt moved to / se movio a documents
[2026-09-30T09:38:23.154393500] Bulgarian.xml -> configuration
[2026-09-30T09:38:23.154393500] Bulgarian.xml moved to / se movio a configuration
[2026-09-30T09:38:23.154393500] Burbuja.cs -> programming
[2026-09-30T09:38:23.154393500] Burbuja.cs moved to / se movio a programming
[2026-09-30T09:38:23.154393500] burn.json -> configuration
[2026-09-30T09:38:23.158991300] burn.json moved to / se movio a configuration
[2026-09-30T09:38:23.158991300] c454998b-dc54-43ac-943a-90b30d5bf568.json -> configuration
[2026-09-30T09:38:23.160580400] c454998b-dc54-43ac-943a-90b30d5bf568.json moved to / se movio a configuration
[2026-09-30T09:38:23.160580400] Ca-1.cs -> programming
[2026-09-30T09:38:23.161592900] Ca-1.cs moved to / se movio a programming
[2026-09-30T09:38:23.161592900] Ca.cs -> programming
[2026-09-30T09:38:23.162669] Ca.cs moved to / se movio a programming
[2026-09-30T09:38:23.163667] Cadenas.cs -> programming
[2026-09-30T09:38:23.165366800] Cadenas.cs moved to / se movio a programming
[2026-09-30T09:38:23.167375] cake.json -> configuration
[2026-09-30T09:38:23.167375] cake.json moved to / se movio a configuration
[2026-09-30T09:38:23.167375] Calificaciones Programacion Estructurada 1M1-SIS-S.xlsx -> spreadsheets
[2026-09-30T09:38:23.175847300] Calificaciones Programacion Estructurada 1M1-SIS-S.xlsx moved to / se movio a spreadsheets
[2026-09-30T09:38:23.177328] cam_check.json -> configuration
[2026-09-30T09:38:23.179324] cam_check.json moved to / se movio a configuration
[2026-09-30T09:38:23.180323200] canva-design (1).pdf -> documents
[2026-09-30T09:38:23.181833800] canva-design (1).pdf moved to / se movio a documents
[2026-09-30T09:38:23.186194] canva-design (2).pdf -> documents
[2026-09-30T09:38:23.190366500] canva-design (2).pdf moved to / se movio a documents
[2026-09-30T09:38:23.190366500] canva-design (3).pdf -> documents
[2026-09-30T09:38:23.193791500] canva-design (3).pdf moved to / se movio a documents
[2026-09-30T09:38:23.194809400] canva-design (4).pdf -> documents
[2026-09-30T09:38:23.197328900] canva-design (4).pdf moved to / se movio a documents
[2026-09-30T09:38:23.198329300] canva-design.pdf -> documents
[2026-09-30T09:38:23.200329400] canva-design.pdf moved to / se movio a documents
[2026-09-30T09:38:23.201684500] Cedula.cs -> programming
[2026-09-30T09:38:23.203799800] Cedula.cs moved to / se movio a programming
[2026-09-30T09:38:23.205814600] chess.json -> configuration
[2026-09-30T09:38:23.207867] chess.json moved to / se movio a configuration
[2026-09-30T09:38:23.209619600] Chinese (Simplified).xml -> configuration
[2026-09-30T09:38:23.211632500] Chinese (Simplified).xml moved to / se movio a configuration
[2026-09-30T09:38:23.211632500] Chinese (Traditional).xml -> configuration
[2026-09-30T09:38:23.213836500] Chinese (Traditional).xml moved to / se movio a configuration
[2026-09-30T09:38:23.214840300] CInssL.cs -> programming
[2026-09-30T09:38:23.215842200] CInssL.cs moved to / se movio a programming
[2026-09-30T09:38:23.215842200] Circulo.cs -> programming
[2026-09-30T09:38:23.215842200] Circulo.cs moved to / se movio a programming
[2026-09-30T09:38:23.221404400] clases.csproj -> programming
[2026-09-30T09:38:23.221404400] clases.csproj moved to / se movio a programming
[2026-09-30T09:38:23.221404400] classroot.cfg -> configuration
[2026-09-30T09:38:23.221404400] classroot.cfg moved to / se movio a configuration
[2026-09-30T09:38:23.226259200] classrootgfe.cfg -> configuration
[2026-09-30T09:38:23.227272700] classrootgfe.cfg moved to / se movio a configuration
[2026-09-30T09:38:23.228272] clsidleftover.cfg -> configuration
[2026-09-30T09:38:23.229459600] clsidleftover.cfg moved to / se movio a configuration
[2026-09-30T09:38:23.230468700] clsidleftoverGFE.cfg -> configuration
[2026-09-30T09:38:23.233606300] clsidleftoverGFE.cfg moved to / se movio a configuration
[2026-09-30T09:38:23.235615900] clsidleftoverigs.cfg -> configuration
[2026-09-30T09:38:23.240620] clsidleftoverigs.cfg moved to / se movio a configuration
[2026-09-30T09:38:23.242130800] clsidleftoverNVB.cfg -> configuration
[2026-09-30T09:38:23.246607200] clsidleftoverNVB.cfg moved to / se movio a configuration
[2026-09-30T09:38:23.248681500] Color palette.md -> documents
[2026-09-30T09:38:23.251586800] Color palette.md moved to / se movio a documents
[2026-09-30T09:38:23.251586800] composer-bridge-1.6.0-windows-amd64 (1).zip -> archives
[2026-09-30T09:38:23.253683] composer-bridge-1.6.0-windows-amd64 (1).zip moved to / se movio a archives
[2026-09-30T09:38:23.255701400] composer-bridge-1.6.0-windows-amd64.exe -> executables
[2026-09-30T09:38:23.257749300] composer-bridge-1.6.0-windows-amd64.exe moved to / se movio a executables
[2026-09-30T09:38:23.258776600] composer-bridge-1.6.0-windows-amd64.zip -> archives
[2026-09-30T09:38:23.260919200] composer-bridge-1.6.0-windows-amd64.zip moved to / se movio a archives
[2026-09-30T09:38:23.261432] composer-bridge.exe -> executables
[2026-09-30T09:38:23.263553200] composer-bridge.exe moved to / se movio a executables
[2026-09-30T09:38:23.263553200] config.ini -> configuration
[2026-09-30T09:38:23.265573900] config.ini moved to / se movio a configuration
[2026-09-30T09:38:23.266529300] Conversion.cs -> programming
[2026-09-30T09:38:23.267537600] Conversion.cs moved to / se movio a programming
[2026-09-30T09:38:23.267537600] conversiones.cs -> programming
[2026-09-30T09:38:23.268538] conversiones.cs moved to / se movio a programming
[2026-09-30T09:38:23.268538] Conversor(gemini me lo paso a metodos xdd).cs -> programming
[2026-09-30T09:38:23.269546800] Conversor(gemini me lo paso a metodos xdd).cs moved to / se movio a programming
[2026-09-30T09:38:23.271662300] Conversor.cs.csh -> design
[2026-09-30T09:38:23.271662300] Conversor.cs.csh moved to / se movio a design
[2026-09-30T09:38:23.271662300] CoreServices.Client.log -> logs
[2026-09-30T09:38:23.271662300] CoreServices.Client.log moved to / se movio a logs
[2026-09-30T09:38:23.271662300] corpse.json -> configuration
[2026-09-30T09:38:23.276899800] corpse.json moved to / se movio a configuration
[2026-09-30T09:38:23.276899800] corpse2.json -> configuration
[2026-09-30T09:38:23.276899800] corpse2.json moved to / se movio a configuration
[2026-09-30T09:38:23.281580500] CrashReport-20260916133227.log -> logs
[2026-09-30T09:38:23.281580500] CrashReport-20260916133227.log moved to / se movio a logs
[2026-09-30T09:38:23.283636600] CrashReport-20260916133336.log -> logs
[2026-09-30T09:38:23.284705400] CrashReport-20260916133336.log moved to / se movio a logs
[2026-09-30T09:38:23.284705400] Current_Wired_Network_Interfaces.txt -> documents
[2026-09-30T09:38:23.285713800] Current_Wired_Network_Interfaces.txt moved to / se movio a documents
[2026-09-30T09:38:23.285713800] Czech.xml -> configuration
[2026-09-30T09:38:23.287032900] Czech.xml moved to / se movio a configuration
[2026-09-30T09:38:23.287032900] Cálculo, trascendentes tempranas by Dennis Zill, Warren Wright (z-lib.org) (1)_compressed_compressed.pdf -> documents
[2026-09-30T09:38:23.290597600] Cálculo, trascendentes tempranas by Dennis Zill, Warren Wright (z-lib.org) (1)_compressed_compressed.pdf moved to / se movio a documents
[2026-09-30T09:38:23.290597600] Códigos UNI_CrackPass.md -> documents
[2026-09-30T09:38:23.292989200] Códigos UNI_CrackPass.md moved to / se movio a documents
[2026-09-30T09:38:23.294002100] Danish.xml -> configuration
[2026-09-30T09:38:23.298067700] Danish.xml moved to / se movio a configuration
[2026-09-30T09:38:23.298067700] DCMServiceStartup.log -> logs
[2026-09-30T09:38:23.300190500] DCMServiceStartup.log moved to / se movio a logs
[2026-09-30T09:38:23.301733200] DCU_Registry_Info.txt -> documents
[2026-09-30T09:38:23.303425800] DCU_Registry_Info.txt moved to / se movio a documents
[2026-09-30T09:38:23.304111300] DDU v18.1.6.0.exe -> executables
[2026-09-30T09:38:23.305620100] DDU v18.1.6.0.exe moved to / se movio a executables
[2026-09-30T09:38:23.306588500] debug1.json -> configuration
[2026-09-30T09:38:23.306588500] debug1.json moved to / se movio a configuration
[2026-09-30T09:38:23.306588500] debug1_1.json -> configuration
[2026-09-30T09:38:23.311449300] debug1_1.json moved to / se movio a configuration
[2026-09-30T09:38:23.311449300] debug2.json -> configuration
[2026-09-30T09:38:23.313501600] debug2.json moved to / se movio a configuration
[2026-09-30T09:38:23.313501600] debug2_1.json -> configuration
[2026-09-30T09:38:23.317917600] debug2_1.json moved to / se movio a configuration
[2026-09-30T09:38:23.318929] debug3.json -> configuration
[2026-09-30T09:38:23.319255900] debug3.json moved to / se movio a configuration
[2026-09-30T09:38:23.321678900] debug3_1.json -> configuration
[2026-09-30T09:38:23.323693800] debug3_1.json moved to / se movio a configuration
[2026-09-30T09:38:23.323693800] Dell-Optimizer-Application_J1H35_WIN_4.2.4.0_A00_01.EXE -> executables
[2026-09-30T09:38:23.325812800] Dell-Optimizer-Application_J1H35_WIN_4.2.4.0_A00_01.EXE moved to / se movio a executables
[2026-09-30T09:38:23.327008400] DellTechHub.log -> logs
[2026-09-30T09:38:23.327008400] DellTechHub.log moved to / se movio a logs
[2026-09-30T09:38:23.331482300] Dell_Audit_Telemetry_Logs_not_found.txt -> documents
[2026-09-30T09:38:23.331482300] Dell_Audit_Telemetry_Logs_not_found.txt moved to / se movio a documents
[2026-09-30T09:38:23.331482300] Dell_Command_Update.txt -> documents
[2026-09-30T09:38:23.336492300] Dell_Command_Update.txt moved to / se movio a documents
[2026-09-30T09:38:23.337237900] Dell_CoreServices_Client_logs_not_found.txt -> documents
[2026-09-30T09:38:23.338547800] Dell_CoreServices_Client_logs_not_found.txt moved to / se movio a documents
[2026-09-30T09:38:23.339558400] Dell_Data_Migrate_Destination_not_found.txt -> documents
[2026-09-30T09:38:23.339558400] Dell_Data_Migrate_Destination_not_found.txt moved to / se movio a documents
[2026-09-30T09:38:23.339558400] Dell_Data_Migrate_Source_not_found.txt -> documents
[2026-09-30T09:38:23.341621] Dell_Data_Migrate_Source_not_found.txt moved to / se movio a documents
[2026-09-30T09:38:23.341621] Dell_DCDM_logs_not_found.txt -> documents
[2026-09-30T09:38:23.342758300] Dell_DCDM_logs_not_found.txt moved to / se movio a documents
[2026-09-30T09:38:23.343538700] Dell_DDPM_logs_not_found.txt -> documents
[2026-09-30T09:38:23.343538700] Dell_DDPM_logs_not_found.txt moved to / se movio a documents
[2026-09-30T09:38:23.343538700] Dell_Digital_Delivery_Destination_not_found.txt -> documents
[2026-09-30T09:38:23.343538700] Dell_Digital_Delivery_Destination_not_found.txt moved to / se movio a documents
[2026-09-30T09:38:23.343538700] Dell_InvCol_logs_not_found.txt -> documents
[2026-09-30T09:38:23.343538700] Dell_InvCol_logs_not_found.txt moved to / se movio a documents
[2026-09-30T09:38:23.343538700] Dell_Log_Collector_Example_V2.6.cmd -> executables
[2026-09-30T09:38:23.350281] Dell_Log_Collector_Example_V2.6.cmd moved to / se movio a executables
[2026-09-30T09:38:23.350281] Dell_Optimizer_not_found.txt -> documents
[2026-09-30T09:38:23.350281] Dell_Optimizer_not_found.txt moved to / se movio a documents
[2026-09-30T09:38:23.351793200] Dell_SDR_not_found.txt -> documents
[2026-09-30T09:38:23.352806200] Dell_SDR_not_found.txt moved to / se movio a documents
[2026-09-30T09:38:23.353804700] Dell_SW_Policy.txt -> documents
[2026-09-30T09:38:23.354623400] Dell_SW_Policy.txt moved to / se movio a documents
[2026-09-30T09:38:23.358130300] Dell_TechHub_logs_not_found.txt -> documents
[2026-09-30T09:38:23.358130300] Dell_TechHub_logs_not_found.txt moved to / se movio a documents
[2026-09-30T09:38:23.359412300] Dell_TrustedDevice_logs_not_found.txt -> documents
[2026-09-30T09:38:23.361790] Dell_TrustedDevice_logs_not_found.txt moved to / se movio a documents
[2026-09-30T09:38:23.361790] Demente-2026-09-29.ttml-project.json -> configuration
[2026-09-30T09:38:23.361790] Demente-2026-09-29.ttml-project.json moved to / se movio a configuration
[2026-09-30T09:38:23.361790] Demente.mp3 -> music
[2026-09-30T09:38:23.368931400] Demente.mp3 moved to / se movio a music
[2026-09-30T09:38:23.368931400] Demente.ttml -> unknown
[2026-09-30T09:38:23.369943700] Skipped unknown file. / Archivo desconocido omitido: Demente.ttml
[2026-09-30T09:38:23.369943700] demo.json -> configuration
[2026-09-30T09:38:23.371453500] demo.json moved to / se movio a configuration
[2026-09-30T09:38:23.371453500] desktop.ini -> configuration
[2026-09-30T09:38:23.372464600] desktop.ini moved to / se movio a configuration
[2026-09-30T09:38:23.372464600] Device_Wake_Armed.html -> programming
[2026-09-30T09:38:23.373266300] Device_Wake_Armed.html moved to / se movio a programming
[2026-09-30T09:38:23.373266300] Diagnostics_Application_WRG4N_WN64_3.0_A00.log -> logs
[2026-09-30T09:38:23.376084400] Diagnostics_Application_WRG4N_WN64_3.0_A00.log moved to / se movio a logs
[2026-09-30T09:38:23.376785400] Diagnostics_Application_WRG4N_WN64_3.0_A00.txt -> documents
[2026-09-30T09:38:23.376785400] Diagnostics_Application_WRG4N_WN64_3.0_A00.txt moved to / se movio a documents
[2026-09-30T09:38:23.376785400] DisableWindowsUpdate.zip -> archives
[2026-09-30T09:38:23.376785400] DisableWindowsUpdate.zip moved to / se movio a archives
[2026-09-30T09:38:23.376785400] disconnected.png -> images
[2026-09-30T09:38:23.381513100] disconnected.png moved to / se movio a images
[2026-09-30T09:38:23.381513100] Disk_Drives.txt -> documents
[2026-09-30T09:38:23.383916700] Disk_Drives.txt moved to / se movio a documents
[2026-09-30T09:38:23.384930700] Disk_Volumes.txt -> documents
[2026-09-30T09:38:23.384930700] Disk_Volumes.txt moved to / se movio a documents
[2026-09-30T09:38:23.385932200] Display Driver Uninstaller.exe -> executables
[2026-09-30T09:38:23.386353300] Display Driver Uninstaller.exe moved to / se movio a executables
[2026-09-30T09:38:23.386353300] Display_Stream_Compression_status.txt -> documents
[2026-09-30T09:38:23.386353300] Display_Stream_Compression_status.txt moved to / se movio a documents
[2026-09-30T09:38:23.386353300] Docker Desktop Installer (1).exe -> executables
[2026-09-30T09:38:23.386353300] Docker Desktop Installer (1).exe moved to / se movio a executables
[2026-09-30T09:38:23.392848700] Docker Desktop Installer.exe -> executables
[2026-09-30T09:38:23.393745200] Docker Desktop Installer.exe moved to / se movio a executables
[2026-09-30T09:38:23.393745200] dontmove.json -> configuration
[2026-09-30T09:38:23.393745200] dontmove.json moved to / se movio a configuration
[2026-09-30T09:38:23.393745200] dotnet-sdk-10.0.401-win-x64.exe -> executables
[2026-09-30T09:38:23.401599700] dotnet-sdk-10.0.401-win-x64.exe moved to / se movio a executables
[2026-09-30T09:38:23.402621900] download.bat -> executables
[2026-09-30T09:38:23.403187500] download.bat moved to / se movio a executables
[2026-09-30T09:38:23.403187500] downloaded_from_www.guru3d.com.txt -> documents
[2026-09-30T09:38:23.404200700] downloaded_from_www.guru3d.com.txt moved to / se movio a documents
[2026-09-30T09:38:23.405199500] dpinst.xml -> configuration
[2026-09-30T09:38:23.406082700] dpinst.xml moved to / se movio a configuration
[2026-09-30T09:38:23.406082700] dpinst32.exe -> executables
[2026-09-30T09:38:23.407931300] dpinst32.exe moved to / se movio a executables
[2026-09-30T09:38:23.407931300] dpscat.exe -> executables
[2026-09-30T09:38:23.408951600] dpscat.exe moved to / se movio a executables
[2026-09-30T09:38:23.409945900] Drawd of my apps.md -> documents
[2026-09-30T09:38:23.411723600] Drawd of my apps.md moved to / se movio a documents
[2026-09-30T09:38:23.411723600] driverfiles.cfg -> configuration
[2026-09-30T09:38:23.411723600] driverfiles.cfg moved to / se movio a configuration
[2026-09-30T09:38:23.411723600] driverfilesKMAFD.cfg -> configuration
[2026-09-30T09:38:23.417171] driverfilesKMAFD.cfg moved to / se movio a configuration
[2026-09-30T09:38:23.417171] driverfilesKMPFD.cfg -> configuration
[2026-09-30T09:38:23.419604300] driverfilesKMPFD.cfg moved to / se movio a configuration
[2026-09-30T09:38:23.420918900] driverfilesKMPFD.cfg.bak -> backup
[2026-09-30T09:38:23.422437600] driverfilesKMPFD.cfg.bak moved to / se movio a backup
[2026-09-30T09:38:23.423636700] Driver_Details.txt -> documents
[2026-09-30T09:38:23.423636700] Driver_Details.txt moved to / se movio a documents
[2026-09-30T09:38:23.426149200] Driver_List.txt -> documents
[2026-09-30T09:38:23.427071100] Driver_List.txt moved to / se movio a documents
[2026-09-30T09:38:23.429678600] Driver_Store.txt -> documents
[2026-09-30T09:38:23.431694] Driver_Store.txt moved to / se movio a documents
[2026-09-30T09:38:23.433767900] drowning.json -> configuration
[2026-09-30T09:38:23.435788800] drowning.json moved to / se movio a configuration
[2026-09-30T09:38:23.436659400] dtbo.img -> disk_images
[2026-09-30T09:38:23.437669300] dtbo.img moved to / se movio a disk_images
[2026-09-30T09:38:23.438675700] DumpStatus.txt -> documents
[2026-09-30T09:38:23.438675700] DumpStatus.txt moved to / se movio a documents
[2026-09-30T09:38:23.438675700] Dutch.xml -> configuration
[2026-09-30T09:38:23.441772900] Dutch.xml moved to / se movio a configuration
[2026-09-30T09:38:23.443744200] DXdiag.txt -> documents
[2026-09-30T09:38:23.445771] DXdiag.txt moved to / se movio a documents
[2026-09-30T09:38:23.445771] eightyseven.json -> configuration
[2026-09-30T09:38:23.445771] eightyseven.json moved to / se movio a configuration
[2026-09-30T09:38:23.445771] EjPilas.cs -> programming
[2026-09-30T09:38:23.450231500] EjPilas.cs moved to / se movio a programming
[2026-09-30T09:38:23.450231500] empbroke.json -> configuration
[2026-09-30T09:38:23.451741700] empbroke.json moved to / se movio a configuration
[2026-09-30T09:38:23.453384600] EnableDriverInstallWU.cmd -> executables
[2026-09-30T09:38:23.453983400] EnableDriverInstallWU.cmd moved to / se movio a executables
[2026-09-30T09:38:23.453983400] ending1.json -> configuration
[2026-09-30T09:38:23.455500] ending1.json moved to / se movio a configuration
[2026-09-30T09:38:23.455500] ending2.json -> configuration
[2026-09-30T09:38:23.458145100] ending2.json moved to / se movio a configuration
[2026-09-30T09:38:23.458145100] ending3.json -> configuration
[2026-09-30T09:38:23.460251200] ending3.json moved to / se movio a configuration
[2026-09-30T09:38:23.461768800] Energy.html -> programming
[2026-09-30T09:38:23.461768800] Energy.html moved to / se movio a programming
[2026-09-30T09:38:23.461768800] engineerkill.json -> configuration
[2026-09-30T09:38:23.466469200] engineerkill.json moved to / se movio a configuration
[2026-09-30T09:38:23.467028700] English.xml -> configuration
[2026-09-30T09:38:23.468042500] English.xml moved to / se movio a configuration
[2026-09-30T09:38:23.469855700] entities.json -> configuration
[2026-09-30T09:38:23.469855700] entities.json moved to / se movio a configuration
[2026-09-30T09:38:23.471867600] Error_State_Drivers.txt -> documents
[2026-09-30T09:38:23.471867600] Error_State_Drivers.txt moved to / se movio a documents
[2026-09-30T09:38:23.471867600] estres1.CSV -> spreadsheets
[2026-09-30T09:38:23.475915100] estres1.CSV moved to / se movio a spreadsheets
[2026-09-30T09:38:23.476732300] etc1tool.exe -> executables
[2026-09-30T09:38:23.476732300] etc1tool.exe moved to / se movio a executables
[2026-09-30T09:38:23.476732300] exosphere.ini -> configuration
[2026-09-30T09:38:23.481638900] exosphere.ini moved to / se movio a configuration
[2026-09-30T09:38:23.482122400] Factorial.cs -> programming
[2026-09-30T09:38:23.483126500] Factorial.cs moved to / se movio a programming
[2026-09-30T09:38:23.484125600] Factura.cs -> programming
[2026-09-30T09:38:23.484125600] Factura.cs moved to / se movio a programming
[2026-09-30T09:38:23.484125600] fastboot.exe -> executables
[2026-09-30T09:38:23.486153] fastboot.exe moved to / se movio a executables
[2026-09-30T09:38:23.486153] favorites.conf -> configuration
[2026-09-30T09:38:23.486153] favorites.conf moved to / se movio a configuration
[2026-09-30T09:38:23.486153] feat1.json -> configuration
[2026-09-30T09:38:23.486153] feat1.json moved to / se movio a configuration
[2026-09-30T09:38:23.486153] feat10.json -> configuration
[2026-09-30T09:38:23.491737400] feat10.json moved to / se movio a configuration
[2026-09-30T09:38:23.491737400] feat11.json -> configuration
[2026-09-30T09:38:23.493650300] feat11.json moved to / se movio a configuration
[2026-09-30T09:38:23.493650300] feat12.json -> configuration
[2026-09-30T09:38:23.493650300] feat12.json moved to / se movio a configuration
[2026-09-30T09:38:23.493650300] feat13.json -> configuration
[2026-09-30T09:38:23.493650300] feat13.json moved to / se movio a configuration
[2026-09-30T09:38:23.493650300] feat14.json -> configuration
[2026-09-30T09:38:23.500481900] feat14.json moved to / se movio a configuration
[2026-09-30T09:38:23.501491500] feat15.json -> configuration
[2026-09-30T09:38:23.502502500] feat15.json moved to / se movio a configuration
[2026-09-30T09:38:23.503246300] feat16.json -> configuration
[2026-09-30T09:38:23.504240300] feat16.json moved to / se movio a configuration
[2026-09-30T09:38:23.505253200] feat2.json -> configuration
[2026-09-30T09:38:23.506323600] feat2.json moved to / se movio a configuration
[2026-09-30T09:38:23.506323600] feat3.json -> configuration
[2026-09-30T09:38:23.507333100] feat3.json moved to / se movio a configuration
[2026-09-30T09:38:23.508331300] feat4.json -> configuration
[2026-09-30T09:38:23.508331300] feat4.json moved to / se movio a configuration
[2026-09-30T09:38:23.509333600] feat5.json -> configuration
[2026-09-30T09:38:23.511527600] feat5.json moved to / se movio a configuration
[2026-09-30T09:38:23.511527600] feat6.json -> configuration
[2026-09-30T09:38:23.511527600] feat6.json moved to / se movio a configuration
[2026-09-30T09:38:23.511527600] feat7.json -> configuration
[2026-09-30T09:38:23.516658800] feat7.json moved to / se movio a configuration
[2026-09-30T09:38:23.517839600] feat8.json -> configuration
[2026-09-30T09:38:23.519448600] feat8.json moved to / se movio a configuration
[2026-09-30T09:38:23.519448600] feat9.json -> configuration
[2026-09-30T09:38:23.520468] feat9.json moved to / se movio a configuration
[2026-09-30T09:38:23.521459800] fifteen_games.json -> configuration
[2026-09-30T09:38:23.521459800] fifteen_games.json moved to / se movio a configuration
[2026-09-30T09:38:23.521459800] fifty.json -> configuration
[2026-09-30T09:38:23.524794900] fifty.json moved to / se movio a configuration
[2026-09-30T09:38:23.524794900] fifty_games.json -> configuration
[2026-09-30T09:38:23.525806700] fifty_games.json moved to / se movio a configuration
[2026-09-30T09:38:23.526726300] FigmaSetup.exe -> executables
[2026-09-30T09:38:23.526726300] FigmaSetup.exe moved to / se movio a executables
[2026-09-30T09:38:23.526726300] Finnish.xml -> configuration
[2026-09-30T09:38:23.531511600] Finnish.xml moved to / se movio a configuration
[2026-09-30T09:38:23.531511600] first_encounter.json -> configuration
[2026-09-30T09:38:23.533854] first_encounter.json moved to / se movio a configuration
[2026-09-30T09:38:23.534861600] first_game.json -> configuration
[2026-09-30T09:38:23.534861600] first_game.json moved to / se movio a configuration
[2026-09-30T09:38:23.535862400] five_games.json -> configuration
[2026-09-30T09:38:23.536585200] five_games.json moved to / se movio a configuration
[2026-09-30T09:38:23.536585200] flashlight.json -> configuration
[2026-09-30T09:38:23.536585200] flashlight.json moved to / se movio a configuration
[2026-09-30T09:38:23.536585200] flashlightmodel_off.json -> configuration
[2026-09-30T09:38:23.542731500] flashlightmodel_off.json moved to / se movio a configuration
[2026-09-30T09:38:23.543629200] flashlightmodel_off2.json -> configuration
[2026-09-30T09:38:23.546281300] flashlightmodel_off2.json moved to / se movio a configuration
[2026-09-30T09:38:23.546281300] flashlightmodel_on.json -> configuration
[2026-09-30T09:38:23.548874] flashlightmodel_on.json moved to / se movio a configuration
[2026-09-30T09:38:23.550888600] flashlightmodel_on2.json -> configuration
[2026-09-30T09:38:23.553449800] flashlightmodel_on2.json moved to / se movio a configuration
[2026-09-30T09:38:23.553449800] flashlightscore1.json -> configuration
[2026-09-30T09:38:23.555479100] flashlightscore1.json moved to / se movio a configuration
[2026-09-30T09:38:23.555479100] flashlight_es.json -> configuration
[2026-09-30T09:38:23.555479100] flashlight_es.json moved to / se movio a configuration
[2026-09-30T09:38:23.555479100] Fonts.md -> documents
[2026-09-30T09:38:23.559281400] Fonts.md moved to / se movio a documents
[2026-09-30T09:38:23.560195300] French.xml -> configuration
[2026-09-30T09:38:23.561706700] French.xml moved to / se movio a configuration
[2026-09-30T09:38:23.561706700] Fresh Oil - Live-2026-09-17.ttml-project.json -> configuration
[2026-09-30T09:38:23.564976800] Fresh Oil - Live-2026-09-17.ttml-project.json moved to / se movio a configuration
[2026-09-30T09:38:23.565993300] Fresh Oil - Live.mp3 -> music
[2026-09-30T09:38:23.567708700] Fresh Oil - Live.mp3 moved to / se movio a music
[2026-09-30T09:38:23.567708700] fullbacteria.json -> configuration
[2026-09-30T09:38:23.568719500] fullbacteria.json moved to / se movio a configuration
[2026-09-30T09:38:23.569720] fullescape1.json -> configuration
[2026-09-30T09:38:23.569720] fullescape1.json moved to / se movio a configuration
[2026-09-30T09:38:23.569720] fullescape2.json -> configuration
[2026-09-30T09:38:23.573019900] fullescape2.json moved to / se movio a configuration
[2026-09-30T09:38:23.573415900] fullgarden.json -> configuration
[2026-09-30T09:38:23.574029500] fullgarden.json moved to / se movio a configuration
[2026-09-30T09:38:23.574029500] fulllobby.json -> configuration
[2026-09-30T09:38:23.576349900] fulllobby.json moved to / se movio a configuration
[2026-09-30T09:38:23.576349900] fullmap3.json -> configuration
[2026-09-30T09:38:23.578576200] fullmap3.json moved to / se movio a configuration
[2026-09-30T09:38:23.578576200] fullmonster.json -> configuration
[2026-09-30T09:38:23.581617800] fullmonster.json moved to / se movio a configuration
[2026-09-30T09:38:23.582867400] fullperipheral.json -> configuration
[2026-09-30T09:38:23.583694400] fullperipheral.json moved to / se movio a configuration
[2026-09-30T09:38:23.585153700] fullsurvivor.json -> configuration
[2026-09-30T09:38:23.586204] fullsurvivor.json moved to / se movio a configuration
[2026-09-30T09:38:23.587215500] funnynumber.json -> configuration
[2026-09-30T09:38:23.587215500] funnynumber.json moved to / se movio a configuration
[2026-09-30T09:38:23.588604100] fusee.bin -> executables
[2026-09-30T09:38:23.588604100] fusee.bin moved to / se movio a executables
[2026-09-30T09:38:23.588604100] Fusee_Atmosphere.bin -> executables
[2026-09-30T09:38:23.591498900] Fusee_Atmosphere.bin moved to / se movio a executables
[2026-09-30T09:38:23.591498900] gambling1.json -> configuration
[2026-09-30T09:38:23.593343100] gambling1.json moved to / se movio a configuration
[2026-09-30T09:38:23.593343100] gambling2.json -> configuration
[2026-09-30T09:38:23.593343100] gambling2.json moved to / se movio a configuration
[2026-09-30T09:38:23.593343100] gambling3.json -> configuration
[2026-09-30T09:38:23.599515100] gambling3.json moved to / se movio a configuration
[2026-09-30T09:38:23.601532] gambling4.json -> configuration
[2026-09-30T09:38:23.603418600] gambling4.json moved to / se movio a configuration
[2026-09-30T09:38:23.604800500] games.json -> configuration
[2026-09-30T09:38:23.604800500] games.json moved to / se movio a configuration
[2026-09-30T09:38:23.604800500] games2.json -> configuration
[2026-09-30T09:38:23.604800500] games2.json moved to / se movio a configuration
[2026-09-30T09:38:23.609253600] gameversion.json -> configuration
[2026-09-30T09:38:23.611699800] gameversion.json moved to / se movio a configuration
[2026-09-30T09:38:23.613765800] GboardWu-v18.0.3.954559732-release-arm64-v8a-patches-v3.10.0.apk -> executables
[2026-09-30T09:38:23.616513200] GboardWu-v18.0.3.954559732-release-arm64-v8a-patches-v3.10.0.apk moved to / se movio a executables
[2026-09-30T09:38:23.617574400] GenP-4.2.1-info-sha256.md -> documents
[2026-09-30T09:38:23.619185300] GenP-4.2.1-info-sha256.md moved to / se movio a documents
[2026-09-30T09:38:23.619987100] GenP-v4.2.1.exe -> executables
[2026-09-30T09:38:23.621507500] GenP-v4.2.1.exe moved to / se movio a executables
[2026-09-30T09:38:23.623694900] GenP-v4.2.1.exe.hashes.txt -> documents
[2026-09-30T09:38:23.626411] GenP-v4.2.1.exe.hashes.txt moved to / se movio a documents
[2026-09-30T09:38:23.626411] German.xml -> configuration
[2026-09-30T09:38:23.626411] German.xml moved to / se movio a configuration
[2026-09-30T09:38:23.626411] GestureSignSetup-8.1.0.0.zip -> archives
[2026-09-30T09:38:23.631626500] GestureSignSetup-8.1.0.0.zip moved to / se movio a archives
[2026-09-30T09:38:23.631626500] gfedriverfiles.cfg -> configuration
[2026-09-30T09:38:23.634585400] gfedriverfiles.cfg moved to / se movio a configuration
[2026-09-30T09:38:23.634585400] gfedriverfiles.cfg.bak -> backup
[2026-09-30T09:38:23.636104] gfedriverfiles.cfg.bak moved to / se movio a backup
[2026-09-30T09:38:23.637424800] gfeservice.cfg -> configuration
[2026-09-30T09:38:23.637424800] gfeservice.cfg moved to / se movio a configuration
[2026-09-30T09:38:23.638450600] God of the Impossible - Eleven22 Worship - Topic (128k)-2026-09-17.ttml-project.json -> configuration
[2026-09-30T09:38:23.638450600] God of the Impossible - Eleven22 Worship - Topic (128k)-2026-09-17.ttml-project.json moved to / se movio a configuration
[2026-09-30T09:38:23.638450600] God of the Impossible - Eleven22 Worship - Topic (128k).mp3 -> music
[2026-09-30T09:38:23.638450600] God of the Impossible - Eleven22 Worship - Topic (128k).mp3 moved to / se movio a music
[2026-09-30T09:38:23.638450600] GPO_List.html -> programming
[2026-09-30T09:38:23.638450600] GPO_List.html moved to / se movio a programming
[2026-09-30T09:38:23.641666700] graph_client.py -> programming
[2026-09-30T09:38:23.641666700] graph_client.py moved to / se movio a programming
[2026-09-30T09:38:23.643820600] Greek.xml -> configuration
[2026-09-30T09:38:23.645941300] Greek.xml moved to / se movio a configuration
[2026-09-30T09:38:23.645941300] Guia 1.md -> documents
[2026-09-30T09:38:23.650025300] Guia 1.md moved to / se movio a documents
[2026-09-30T09:38:23.650025300] Hackaton Design System.md -> documents
[2026-09-30T09:38:23.650025300] Hackaton Design System.md moved to / se movio a documents
[2026-09-30T09:38:23.651539500] haspassenger.json -> configuration
[2026-09-30T09:38:23.652562900] haspassenger.json moved to / se movio a configuration
[2026-09-30T09:38:23.652562900] hasvehicle.json -> configuration
[2026-09-30T09:38:23.653205200] hasvehicle.json moved to / se movio a configuration
[2026-09-30T09:38:23.653205200] Hebrew.xml -> configuration
[2026-09-30T09:38:23.653205200] Hebrew.xml moved to / se movio a configuration
[2026-09-30T09:38:23.655223600] hekate_ctcaer_5.0.0.bin -> executables
[2026-09-30T09:38:23.655834800] hekate_ctcaer_5.0.0.bin moved to / se movio a executables
[2026-09-30T09:38:23.656843500] hekate_ctcaer_6.5.3.bin -> executables
[2026-09-30T09:38:23.656843500] hekate_ctcaer_6.5.3.bin moved to / se movio a executables
[2026-09-30T09:38:23.656843500] hekate_ctcaer_6.5.3_Nyx_1.9.3.zip -> archives
[2026-09-30T09:38:23.657855900] hekate_ctcaer_6.5.3_Nyx_1.9.3.zip moved to / se movio a archives
[2026-09-30T09:38:23.658843400] hekate_ipl.ini -> configuration
[2026-09-30T09:38:23.659638700] hekate_ipl.ini moved to / se movio a configuration
[2026-09-30T09:38:23.659638700] Hotfixes.txt -> documents
[2026-09-30T09:38:23.661667800] Hotfixes.txt moved to / se movio a documents
[2026-09-30T09:38:23.661667800] hprof-conv.exe -> executables
[2026-09-30T09:38:23.661667800] hprof-conv.exe moved to / se movio a executables
[2026-09-30T09:38:23.661667800] hundred_games.json -> configuration
[2026-09-30T09:38:23.665579] hundred_games.json moved to / se movio a configuration
[2026-09-30T09:38:23.665579] Hungarian.xml -> configuration
[2026-09-30T09:38:23.667075100] Hungarian.xml moved to / se movio a configuration
[2026-09-30T09:38:23.667075100] HWiNFO32.exe -> executables
[2026-09-30T09:38:23.668084800] HWiNFO32.exe moved to / se movio a executables
[2026-09-30T09:38:23.668084800] HWiNFO64.exe -> executables
[2026-09-30T09:38:23.668084800] HWiNFO64.exe moved to / se movio a executables
[2026-09-30T09:38:23.669094500] HWiNFO64.INI -> configuration
[2026-09-30T09:38:23.670093100] HWiNFO64.INI moved to / se movio a configuration
[2026-09-30T09:38:23.670093100] HWiNFO_ARM64.exe -> executables
[2026-09-30T09:38:23.670093100] HWiNFO_ARM64.exe moved to / se movio a executables
[2026-09-30T09:38:23.671750300] hwi_852.zip -> archives
[2026-09-30T09:38:23.672685900] hwi_852.zip moved to / se movio a archives
[2026-09-30T09:38:23.672685900] ICDebugLog.txt -> documents
[2026-09-30T09:38:23.673963400] ICDebugLog.txt moved to / se movio a documents
[2026-09-30T09:38:23.673963400] ICDownload.log -> logs
[2026-09-30T09:38:23.674988600] ICDownload.log moved to / se movio a logs
[2026-09-30T09:38:23.674988600] ICHOSTMetadata.txt -> documents
[2026-09-30T09:38:23.676450] ICHOSTMetadata.txt moved to / se movio a documents
[2026-09-30T09:38:23.676450] icon.png -> images
[2026-09-30T09:38:23.677768900] icon.png moved to / se movio a images
[2026-09-30T09:38:23.677768900] icon_payload.bmp -> images
[2026-09-30T09:38:23.677768900] icon_payload.bmp moved to / se movio a images
[2026-09-30T09:38:23.677768900] icon_switch.bmp -> images
[2026-09-30T09:38:23.681827800] icon_switch.bmp moved to / se movio a images
[2026-09-30T09:38:23.683082100] ICRegMSILog.txt -> documents
[2026-09-30T09:38:23.683927400] ICRegMSILog.txt moved to / se movio a documents
[2026-09-30T09:38:23.683927400] importer.py -> programming
[2026-09-30T09:38:23.684952900] importer.py moved to / se movio a programming
[2026-09-30T09:38:23.684952900] impuesto.cs -> programming
[2026-09-30T09:38:23.685943600] impuesto.cs moved to / se movio a programming
[2026-09-30T09:38:23.685943600] imx_usb.bat -> executables
[2026-09-30T09:38:23.686946600] imx_usb.bat moved to / se movio a executables
[2026-09-30T09:38:23.686946600] imx_usb.exe -> executables
[2026-09-30T09:38:23.686946600] imx_usb.exe moved to / se movio a executables
[2026-09-30T09:38:23.688850500] index.html -> programming
[2026-09-30T09:38:23.689873900] index.html moved to / se movio a programming
[2026-09-30T09:38:23.689873900] infectionsave.json -> configuration
[2026-09-30T09:38:23.689873900] infectionsave.json moved to / se movio a configuration
[2026-09-30T09:38:23.690871100] informe-financiero-consolidado-bancentro-2025.pdf -> documents
[2026-09-30T09:38:23.691877200] informe-financiero-consolidado-bancentro-2025.pdf moved to / se movio a documents
[2026-09-30T09:38:23.691877200] ingame.json -> configuration
[2026-09-30T09:38:23.693091700] ingame.json moved to / se movio a configuration
[2026-09-30T09:38:23.693091700] input_1.json -> configuration
[2026-09-30T09:38:23.696593500] input_1.json moved to / se movio a configuration
[2026-09-30T09:38:23.696593500] input_2.json -> configuration
[2026-09-30T09:38:23.697610300] input_2.json moved to / se movio a configuration
[2026-09-30T09:38:23.697610300] input_3.json -> configuration
[2026-09-30T09:38:23.697610300] input_3.json moved to / se movio a configuration
[2026-09-30T09:38:23.698611200] input_4.json -> configuration
[2026-09-30T09:38:23.699863100] input_4.json moved to / se movio a configuration
[2026-09-30T09:38:23.699863100] input_5.json -> configuration
[2026-09-30T09:38:23.700886200] input_5.json moved to / se movio a configuration
[2026-09-30T09:38:23.700886200] input_6.json -> configuration
[2026-09-30T09:38:23.701943400] input_6.json moved to / se movio a configuration
[2026-09-30T09:38:23.701943400] input_7.json -> configuration
[2026-09-30T09:38:23.701943400] input_7.json moved to / se movio a configuration
[2026-09-30T09:38:23.701943400] Insercion.cs -> programming
[2026-09-30T09:38:23.704957800] Insercion.cs moved to / se movio a programming
[2026-09-30T09:38:23.704957800] InstallDriver.exe -> executables
[2026-09-30T09:38:23.705979300] InstallDriver.exe moved to / se movio a executables
[2026-09-30T09:38:23.705979300] Installed_Apps.txt -> documents
[2026-09-30T09:38:23.706978400] Installed_Apps.txt moved to / se movio a documents
[2026-09-30T09:38:23.706978400] Installed_Appx.txt -> documents
[2026-09-30T09:38:23.707978500] Installed_Appx.txt moved to / se movio a documents
[2026-09-30T09:38:23.707978500] Installer-7.3.exe -> executables
[2026-09-30T09:38:23.709724] Installer-7.3.exe moved to / se movio a executables
[2026-09-30T09:38:23.709724] Intel-BE2xx-AX4xx-AX2xx-9xxx-Wi-Fi-Driver_KGD8K_WIN64_24.40.0.4_A74.txt -> documents
[2026-09-30T09:38:23.711502800] Intel-BE2xx-AX4xx-AX2xx-9xxx-Wi-Fi-Driver_KGD8K_WIN64_24.40.0.4_A74.txt moved to / se movio a documents
[2026-09-30T09:38:23.711502800] Intel-Driver-and-Support-Assistant-Installer.exe -> executables
[2026-09-30T09:38:23.711502800] Intel-Driver-and-Support-Assistant-Installer.exe moved to / se movio a executables
[2026-09-30T09:38:23.711502800] interface.cfg -> configuration
[2026-09-30T09:38:23.711502800] interface.cfg moved to / se movio a configuration
[2026-09-30T09:38:23.716020200] interfaceGFE.cfg -> configuration
[2026-09-30T09:38:23.716020200] interfaceGFE.cfg moved to / se movio a configuration
[2026-09-30T09:38:23.717037] invisibleplayer.json -> configuration
[2026-09-30T09:38:23.717037] invisibleplayer.json moved to / se movio a configuration
[2026-09-30T09:38:23.718036400] IPConfig_all.txt -> documents
[2026-09-30T09:38:23.718036400] IPConfig_all.txt moved to / se movio a documents
[2026-09-30T09:38:23.719037400] isblind.json -> configuration
[2026-09-30T09:38:23.719037400] isblind.json moved to / se movio a configuration
[2026-09-30T09:38:23.719037400] ishungry.json -> configuration
[2026-09-30T09:38:23.720033700] ishungry.json moved to / se movio a configuration
[2026-09-30T09:38:23.720033700] isminingfatigued.json -> configuration
[2026-09-30T09:38:23.721297300] isminingfatigued.json moved to / se movio a configuration
[2026-09-30T09:38:23.721817100] isonwater.json -> configuration
[2026-09-30T09:38:23.723062500] isonwater.json moved to / se movio a configuration
[2026-09-30T09:38:23.723062500] ispoisoned.json -> configuration
[2026-09-30T09:38:23.724079500] ispoisoned.json moved to / se movio a configuration
[2026-09-30T09:38:23.724079500] Issues and solutions.txt -> documents
[2026-09-30T09:38:23.725078200] Issues and solutions.txt moved to / se movio a documents
[2026-09-30T09:38:23.726074400] Italian.xml -> configuration
[2026-09-30T09:38:23.726074400] Italian.xml moved to / se movio a configuration
[2026-09-30T09:38:23.729359200] Japanese.xml -> configuration
[2026-09-30T09:38:23.729987900] Japanese.xml moved to / se movio a configuration
[2026-09-30T09:38:23.730829500] jdk-21_windows-x64_bin.exe -> executables
[2026-09-30T09:38:23.731519700] jdk-21_windows-x64_bin.exe moved to / se movio a executables
[2026-09-30T09:38:23.731519700] jdk-25_windows-x64_bin.exe -> executables
[2026-09-30T09:38:23.732531400] jdk-25_windows-x64_bin.exe moved to / se movio a executables
[2026-09-30T09:38:23.733529500] jerry.json -> configuration
[2026-09-30T09:38:23.733529500] jerry.json moved to / se movio a configuration
[2026-09-30T09:38:23.734530] jerry_perfect.json -> configuration
[2026-09-30T09:38:23.734530] jerry_perfect.json moved to / se movio a configuration
[2026-09-30T09:38:23.734530] jumpscare.json -> configuration
[2026-09-30T09:38:23.736455600] jumpscare.json moved to / se movio a configuration
[2026-09-30T09:38:23.736455600] killedbyskeleton.json -> configuration
[2026-09-30T09:38:23.737463500] killedbyskeleton.json moved to / se movio a configuration
[2026-09-30T09:38:23.737463500] Korean.xml -> configuration
[2026-09-30T09:38:23.738474400] Korean.xml moved to / se movio a configuration
[2026-09-30T09:38:23.738474400] Latitude5430_8V8Y2T3_Mon09142026_12524674.zip -> archives
[2026-09-30T09:38:23.739473900] Latitude5430_8V8Y2T3_Mon09142026_12524674.zip moved to / se movio a archives
[2026-09-30T09:38:23.740475] Latitude5430_8V8Y2T3_Wed09162026_10264139.zip -> archives
[2026-09-30T09:38:23.741427100] Latitude5430_8V8Y2T3_Wed09162026_10264139.zip moved to / se movio a archives
[2026-09-30T09:38:23.741427100] Latitude5430_8V8Y2T3_Wed09162026_13544680.zip -> archives
[2026-09-30T09:38:23.743856400] Latitude5430_8V8Y2T3_Wed09162026_13544680.zip moved to / se movio a archives
[2026-09-30T09:38:23.743856400] Latvian.xml -> configuration
[2026-09-30T09:38:23.745881700] Latvian.xml moved to / se movio a configuration
[2026-09-30T09:38:23.747008] lethaldrink.json -> configuration
[2026-09-30T09:38:23.747008] lethaldrink.json moved to / se movio a configuration
[2026-09-30T09:38:23.747008] level_0.json -> configuration
[2026-09-30T09:38:23.748402900] level_0.json moved to / se movio a configuration
[2026-09-30T09:38:23.748402900] level_1.json -> configuration
[2026-09-30T09:38:23.748402900] level_1.json moved to / se movio a configuration
[2026-09-30T09:38:23.749691200] level_188.json -> configuration
[2026-09-30T09:38:23.749691200] level_188.json moved to / se movio a configuration
[2026-09-30T09:38:23.750700200] level_2.json -> configuration
[2026-09-30T09:38:23.750700200] level_2.json moved to / se movio a configuration
[2026-09-30T09:38:23.751700300] level_3.json -> configuration
[2026-09-30T09:38:23.753020500] level_3.json moved to / se movio a configuration
[2026-09-30T09:38:23.753768900] level_4.json -> configuration
[2026-09-30T09:38:23.753768900] level_4.json moved to / se movio a configuration
[2026-09-30T09:38:23.754775800] level_end.json -> configuration
[2026-09-30T09:38:23.754775800] level_end.json moved to / se movio a configuration
[2026-09-30T09:38:23.755782900] level_hub.json -> configuration
[2026-09-30T09:38:23.756777] level_hub.json moved to / se movio a configuration
[2026-09-30T09:38:23.756777] LICENSE.txt -> documents
[2026-09-30T09:38:23.757777400] LICENSE.txt moved to / se movio a documents
[2026-09-30T09:38:23.758734400] lifeform.json -> configuration
[2026-09-30T09:38:23.759492900] lifeform.json moved to / se movio a configuration
[2026-09-30T09:38:23.759492900] light1.json -> configuration
[2026-09-30T09:38:23.762928600] light1.json moved to / se movio a configuration
[2026-09-30T09:38:23.762928600] light10.json -> configuration
[2026-09-30T09:38:23.763654600] light10.json moved to / se movio a configuration
[2026-09-30T09:38:23.764680200] light11.json -> configuration
[2026-09-30T09:38:23.765411400] light11.json moved to / se movio a configuration
[2026-09-30T09:38:23.765411400] light12.json -> configuration
[2026-09-30T09:38:23.766431300] light12.json moved to / se movio a configuration
[2026-09-30T09:38:23.766431300] light13.json -> configuration
[2026-09-30T09:38:23.767429800] light13.json moved to / se movio a configuration
[2026-09-30T09:38:23.767429800] light14.json -> configuration
[2026-09-30T09:38:23.768426100] light14.json moved to / se movio a configuration
[2026-09-30T09:38:23.768426100] light15.json -> configuration
[2026-09-30T09:38:23.769151500] light15.json moved to / se movio a configuration
[2026-09-30T09:38:23.769151500] light16.json -> configuration
[2026-09-30T09:38:23.769151500] light16.json moved to / se movio a configuration
[2026-09-30T09:38:23.771547100] light2.json -> configuration
[2026-09-30T09:38:23.771547100] light2.json moved to / se movio a configuration
[2026-09-30T09:38:23.771547100] light3.json -> configuration
[2026-09-30T09:38:23.771547100] light3.json moved to / se movio a configuration
[2026-09-30T09:38:23.771547100] light4.json -> configuration
[2026-09-30T09:38:23.771547100] light4.json moved to / se movio a configuration
[2026-09-30T09:38:23.775181500] light5.json -> configuration
[2026-09-30T09:38:23.776091300] light5.json moved to / se movio a configuration
[2026-09-30T09:38:23.776091300] light6.json -> configuration
[2026-09-30T09:38:23.778446600] light6.json moved to / se movio a configuration
[2026-09-30T09:38:23.779450900] light7.json -> configuration
[2026-09-30T09:38:23.780016700] light7.json moved to / se movio a configuration
[2026-09-30T09:38:23.780016700] light8.json -> configuration
[2026-09-30T09:38:23.781387100] light8.json moved to / se movio a configuration
[2026-09-30T09:38:23.781909400] light9.json -> configuration
[2026-09-30T09:38:23.781909400] light9.json moved to / se movio a configuration
[2026-09-30T09:38:23.782937500] lightout.json -> configuration
[2026-09-30T09:38:23.782937500] lightout.json moved to / se movio a configuration
[2026-09-30T09:38:23.782937500] lightout2.json -> configuration
[2026-09-30T09:38:23.783934900] lightout2.json moved to / se movio a configuration
[2026-09-30T09:38:23.783934900] light_raycast_passable.json -> configuration
[2026-09-30T09:38:23.784931400] light_raycast_passable.json moved to / se movio a configuration
[2026-09-30T09:38:23.784931400] limbler.json -> configuration
[2026-09-30T09:38:23.785929900] limbler.json moved to / se movio a configuration
[2026-09-30T09:38:23.785929900] lineage-23.2-20260919-nightly-genevn-signed.zip -> archives
[2026-09-30T09:38:23.787739] lineage-23.2-20260919-nightly-genevn-signed.zip moved to / se movio a archives
[2026-09-30T09:38:23.787739] linuxmint-22.3-cinnamon-64bit.iso -> disk_images
[2026-09-30T09:38:23.788762] linuxmint-22.3-cinnamon-64bit.iso moved to / se movio a disk_images
[2026-09-30T09:38:23.788762] load.json -> configuration
[2026-09-30T09:38:23.789757100] load.json moved to / se movio a configuration
[2026-09-30T09:38:23.789757100] LogCollectorStatus.txt -> documents
[2026-09-30T09:38:23.790759300] LogCollectorStatus.txt moved to / se movio a documents
[2026-09-30T09:38:23.790759300] Logo thoghts.md -> documents
[2026-09-30T09:38:23.791682400] Logo thoghts.md moved to / se movio a documents
[2026-09-30T09:38:23.791682400] Logo.md -> documents
[2026-09-30T09:38:23.793219] Logo.md moved to / se movio a documents
[2026-09-30T09:38:23.793219] logoheader.svg -> images
[2026-09-30T09:38:23.793219] logoheader.svg moved to / se movio a images
[2026-09-30T09:38:23.793219] Macedonian (Latin).xml -> configuration
[2026-09-30T09:38:23.793219] Macedonian (Latin).xml moved to / se movio a configuration
[2026-09-30T09:38:23.797399] main.json -> configuration
[2026-09-30T09:38:23.797399] main.json moved to / se movio a configuration
[2026-09-30T09:38:23.798427700] main.py -> programming
[2026-09-30T09:38:23.798427700] main.py moved to / se movio a programming
[2026-09-30T09:38:23.799419300] mainhandblackskull.json -> configuration
[2026-09-30T09:38:23.799419300] mainhandblackskull.json moved to / se movio a configuration
[2026-09-30T09:38:23.800420300] mainhandboat.json -> configuration
[2026-09-30T09:38:23.800420300] mainhandboat.json moved to / se movio a configuration
[2026-09-30T09:38:23.801425700] mainhandbrick.json -> configuration
[2026-09-30T09:38:23.801828600] mainhandbrick.json moved to / se movio a configuration
[2026-09-30T09:38:23.801828600] mainhandcarrotonastick.json -> configuration
[2026-09-30T09:38:23.801828600] mainhandcarrotonastick.json moved to / se movio a configuration
[2026-09-30T09:38:23.804250200] mainhandchirp.json -> configuration
[2026-09-30T09:38:23.804250200] mainhandchirp.json moved to / se movio a configuration
[2026-09-30T09:38:23.804250200] mainhandclock.json -> configuration
[2026-09-30T09:38:23.806276900] mainhandclock.json moved to / se movio a configuration
[2026-09-30T09:38:23.806276900] mainhandcrimson.json -> configuration
[2026-09-30T09:38:23.809749800] mainhandcrimson.json moved to / se movio a configuration
[2026-09-30T09:38:23.811765400] mainhandendcrystal.json -> configuration
[2026-09-30T09:38:23.814806400] mainhandendcrystal.json moved to / se movio a configuration
[2026-09-30T09:38:23.814806400] mainhandfermented.json -> configuration
[2026-09-30T09:38:23.817842200] mainhandfermented.json moved to / se movio a configuration
[2026-09-30T09:38:23.818855] mainhandfirestar.json -> configuration
[2026-09-30T09:38:23.819870900] mainhandfirestar.json moved to / se movio a configuration
[2026-09-30T09:38:23.819870900] mainhandglowframe.json -> configuration
[2026-09-30T09:38:23.821701700] mainhandglowframe.json moved to / se movio a configuration
[2026-09-30T09:38:23.823964] mainhandglowmelon.json -> configuration
[2026-09-30T09:38:23.825777900] mainhandglowmelon.json moved to / se movio a configuration
[2026-09-30T09:38:23.826287] mainhandladder.json -> configuration
[2026-09-30T09:38:23.826287] mainhandladder.json moved to / se movio a configuration
[2026-09-30T09:38:23.826287] mainhandminecart.json -> configuration
[2026-09-30T09:38:23.831144400] mainhandminecart.json moved to / se movio a configuration
[2026-09-30T09:38:23.831144400] mainhandobserver.json -> configuration
[2026-09-30T09:38:23.831668700] mainhandobserver.json moved to / se movio a configuration
[2026-09-30T09:38:23.832682600] mainhandquartz.json -> configuration
[2026-09-30T09:38:23.833309400] mainhandquartz.json moved to / se movio a configuration
[2026-09-30T09:38:23.834319700] mainhandsculk.json -> configuration
[2026-09-30T09:38:23.834319700] mainhandsculk.json moved to / se movio a configuration
[2026-09-30T09:38:23.835316300] mainhandsculkvein.json -> configuration
[2026-09-30T09:38:23.836178900] mainhandsculkvein.json moved to / se movio a configuration
[2026-09-30T09:38:23.836178900] mainhandshears.json -> configuration
[2026-09-30T09:38:23.838786400] mainhandshears.json moved to / se movio a configuration
[2026-09-30T09:38:23.838786400] mainhandspyglass.json -> configuration
[2026-09-30T09:38:23.839806600] mainhandspyglass.json moved to / se movio a configuration
[2026-09-30T09:38:23.840736200] mainhandtinted.json -> configuration
[2026-09-30T09:38:23.841670800] mainhandtinted.json moved to / se movio a configuration
[2026-09-30T09:38:23.842684500] mainhandtntcart.json -> configuration
[2026-09-30T09:38:23.842684500] mainhandtntcart.json moved to / se movio a configuration
[2026-09-30T09:38:23.845341100] mainhandtorch.json -> configuration
[2026-09-30T09:38:23.847367100] mainhandtorch.json moved to / se movio a configuration
[2026-09-30T09:38:23.848502600] mainhandultimateitem.json -> configuration
[2026-09-30T09:38:23.849531900] mainhandultimateitem.json moved to / se movio a configuration
[2026-09-30T09:38:23.849531900] mainhandwarped.json -> configuration
[2026-09-30T09:38:23.850525100] mainhandwarped.json moved to / se movio a configuration
[2026-09-30T09:38:23.851518] mainhandwart.json -> configuration
[2026-09-30T09:38:23.851518] mainhandwart.json moved to / se movio a configuration
[2026-09-30T09:38:23.851518] mainhandwhitedye.json -> configuration
[2026-09-30T09:38:23.853407500] mainhandwhitedye.json moved to / se movio a configuration
[2026-09-30T09:38:23.853407500] mainhand_day.json -> configuration
[2026-09-30T09:38:23.854202200] mainhand_day.json moved to / se movio a configuration
[2026-09-30T09:38:23.855717400] make_f2fs.exe -> executables
[2026-09-30T09:38:23.856377500] make_f2fs.exe moved to / se movio a executables
[2026-09-30T09:38:23.856377500] make_f2fs_casefold.exe -> executables
[2026-09-30T09:38:23.857880800] make_f2fs_casefold.exe moved to / se movio a executables
[2026-09-30T09:38:23.857880800] Manual de marca.md -> documents
[2026-09-30T09:38:23.859477100] Manual de marca.md moved to / se movio a documents
[2026-09-30T09:38:23.859477100] md_converter.py -> programming
[2026-09-30T09:38:23.861496300] md_converter.py moved to / se movio a programming
[2026-09-30T09:38:23.861496300] Meeting started 2026_09_16 20_07 CST - Notes by Gemini (Spanish) (1).docx -> documents
[2026-09-30T09:38:23.861496300] Meeting started 2026_09_16 20_07 CST - Notes by Gemini (Spanish) (1).docx moved to / se movio a documents
[2026-09-30T09:38:23.861496300] Meeting started 2026_09_16 20_07 CST - Notes by Gemini (Spanish).docx -> documents
[2026-09-30T09:38:23.865019800] Meeting started 2026_09_16 20_07 CST - Notes by Gemini (Spanish).docx moved to / se movio a documents
[2026-09-30T09:38:23.865019800] memloader_usb.bin -> executables
[2026-09-30T09:38:23.866110200] memloader_usb.bin moved to / se movio a executables
[2026-09-30T09:38:23.866110200] Memory_Info.txt -> documents
[2026-09-30T09:38:23.867135800] Memory_Info.txt moved to / se movio a documents
[2026-09-30T09:38:23.867135800] mindset komorebic.md -> documents
[2026-09-30T09:38:23.868120500] mindset komorebic.md moved to / se movio a documents
[2026-09-30T09:38:23.868120500] mke2fs.conf -> configuration
[2026-09-30T09:38:23.869121400] mke2fs.conf moved to / se movio a configuration
[2026-09-30T09:38:23.869121400] mke2fs.exe -> executables
[2026-09-30T09:38:23.870562800] mke2fs.exe moved to / se movio a executables
[2026-09-30T09:38:23.871093800] mod4_1.json -> configuration
[2026-09-30T09:38:23.871650] mod4_1.json moved to / se movio a configuration
[2026-09-30T09:38:23.872666] mods.json -> configuration
[2026-09-30T09:38:23.873672500] mods.json moved to / se movio a configuration
[2026-09-30T09:38:23.873672500] mod_1.json -> configuration
[2026-09-30T09:38:23.874663200] mod_1.json moved to / se movio a configuration
[2026-09-30T09:38:23.874663200] mod_1_1.json -> configuration
[2026-09-30T09:38:23.876170700] mod_1_1.json moved to / se movio a configuration
[2026-09-30T09:38:23.876170700] mod_2.json -> configuration
[2026-09-30T09:38:23.876170700] mod_2.json moved to / se movio a configuration
[2026-09-30T09:38:23.876170700] mod_3.json -> configuration
[2026-09-30T09:38:23.876170700] mod_3.json moved to / se movio a configuration
[2026-09-30T09:38:23.881699100] mod_4.json -> configuration
[2026-09-30T09:38:23.882822700] mod_4.json moved to / se movio a configuration
[2026-09-30T09:38:23.883822600] mod_4_1.json -> configuration
[2026-09-30T09:38:23.884826300] mod_4_1.json moved to / se movio a configuration
[2026-09-30T09:38:23.884826300] mod_5.json -> configuration
[2026-09-30T09:38:23.885832600] mod_5.json moved to / se movio a configuration
[2026-09-30T09:38:23.885832600] mod_6.json -> configuration
[2026-09-30T09:38:23.886826400] mod_6.json moved to / se movio a configuration
[2026-09-30T09:38:23.886826400] Monitor.txt -> documents
[2026-09-30T09:38:23.888583300] Monitor.txt moved to / se movio a documents
[2026-09-30T09:38:23.889590900] Motorola_Mobile_Drivers_64bit.msi -> executables
[2026-09-30T09:38:23.889590900] Motorola_Mobile_Drivers_64bit.msi moved to / se movio a executables
[2026-09-30T09:38:23.890602800] mtc_tbl_b01.bin -> executables
[2026-09-30T09:38:23.890602800] mtc_tbl_b01.bin moved to / se movio a executables
[2026-09-30T09:38:23.891591400] multiplayerstaminapotion.json -> configuration
[2026-09-30T09:38:23.893688100] multiplayerstaminapotion.json moved to / se movio a configuration
[2026-09-30T09:38:23.893688100] My One Desire-2026-09-17.ttml-project.json -> configuration
[2026-09-30T09:38:23.897145600] My One Desire-2026-09-17.ttml-project.json moved to / se movio a configuration
[2026-09-30T09:38:23.897741700] My One Desire.mp3 -> music
[2026-09-30T09:38:23.898764900] My One Desire.mp3 moved to / se movio a music
[2026-09-30T09:38:23.898764900] Net_Adapter_Adv_Properties.txt -> documents
[2026-09-30T09:38:23.899755100] Net_Adapter_Adv_Properties.txt moved to / se movio a documents
[2026-09-30T09:38:23.900785800] noclip.json -> configuration
[2026-09-30T09:38:23.901819500] noclip.json moved to / se movio a configuration
[2026-09-30T09:38:23.901819500] nodeaths.json -> configuration
[2026-09-30T09:38:23.901819500] nodeaths.json moved to / se movio a configuration
[2026-09-30T09:38:23.903544900] nodoorescape.json -> configuration
[2026-09-30T09:38:23.903544900] nodoorescape.json moved to / se movio a configuration
[2026-09-30T09:38:23.903544900] nohelp.json -> configuration
[2026-09-30T09:38:23.905924700] nohelp.json moved to / se movio a configuration
[2026-09-30T09:38:23.905924700] nothingonfeet.json -> configuration
[2026-09-30T09:38:23.906945700] nothingonfeet.json moved to / se movio a configuration
[2026-09-30T09:38:23.906945700] NOTICE.txt -> documents
[2026-09-30T09:38:23.906945700] NOTICE.txt moved to / se movio a documents
[2026-09-30T09:38:23.907946500] not_sneak.json -> configuration
[2026-09-30T09:38:23.908950100] not_sneak.json moved to / se movio a configuration
[2026-09-30T09:38:23.908950100] Num.cs -> programming
[2026-09-30T09:38:23.908950100] Num.cs moved to / se movio a programming
[2026-09-30T09:38:23.911746400] Numeros.cs -> programming
[2026-09-30T09:38:23.913780500] Numeros.cs moved to / se movio a programming
[2026-09-30T09:38:23.913780500] nvbdriverfiles.cfg -> configuration
[2026-09-30T09:38:23.914800600] nvbdriverfiles.cfg moved to / se movio a configuration
[2026-09-30T09:38:23.915559400] nvbservice.cfg -> configuration
[2026-09-30T09:38:23.915559400] nvbservice.cfg moved to / se movio a configuration
[2026-09-30T09:38:23.916578900] nyx.bin -> executables
[2026-09-30T09:38:23.916578900] nyx.bin moved to / se movio a executables
[2026-09-30T09:38:23.917585500] nyx.ini -> configuration
[2026-09-30T09:38:23.918579600] nyx.ini moved to / se movio a configuration
[2026-09-30T09:38:23.918579600] OCCT-26916-011107.png -> images
[2026-09-30T09:38:23.918579600] OCCT-26916-011107.png moved to / se movio a images
[2026-09-30T09:38:23.925684400] OCCT-26916-125454.png -> images
[2026-09-30T09:38:23.930021600] OCCT-26916-125454.png moved to / se movio a images
[2026-09-30T09:38:23.931539600] OCCT.config.json -> configuration
[2026-09-30T09:38:23.933600400] OCCT.config.json moved to / se movio a configuration
[2026-09-30T09:38:23.933600400] OCCT.exe -> executables
[2026-09-30T09:38:23.935624400] OCCT.exe moved to / se movio a executables
[2026-09-30T09:38:23.937669300] offhand1.json -> configuration
[2026-09-30T09:38:23.941708700] offhand1.json moved to / se movio a configuration
[2026-09-30T09:38:23.942799200] offhand10.json -> configuration
[2026-09-30T09:38:23.946841100] offhand10.json moved to / se movio a configuration
[2026-09-30T09:38:23.946841100] offhand11.json -> configuration
[2026-09-30T09:38:23.948857200] offhand11.json moved to / se movio a configuration
[2026-09-30T09:38:23.950871900] offhand12.json -> configuration
[2026-09-30T09:38:23.951886200] offhand12.json moved to / se movio a configuration
[2026-09-30T09:38:23.953649900] offhand13.json -> configuration
[2026-09-30T09:38:23.955666500] offhand13.json moved to / se movio a configuration
[2026-09-30T09:38:23.957706300] offhand14.json -> configuration
[2026-09-30T09:38:23.959475100] offhand14.json moved to / se movio a configuration
[2026-09-30T09:38:23.961485400] offhand15.json -> configuration
[2026-09-30T09:38:23.963543300] offhand15.json moved to / se movio a configuration
[2026-09-30T09:38:23.963543300] offhand16.json -> configuration
[2026-09-30T09:38:23.966079200] offhand16.json moved to / se movio a configuration
[2026-09-30T09:38:23.968123] offhand17.json -> configuration
[2026-09-30T09:38:23.970148500] offhand17.json moved to / se movio a configuration
[2026-09-30T09:38:23.971665700] offhand18.json -> configuration
[2026-09-30T09:38:23.973688100] offhand18.json moved to / se movio a configuration
[2026-09-30T09:38:23.974700100] offhand19.json -> configuration
[2026-09-30T09:38:23.976346300] offhand19.json moved to / se movio a configuration
[2026-09-30T09:38:23.976346300] offhand2.json -> configuration
[2026-09-30T09:38:23.978366800] offhand2.json moved to / se movio a configuration
[2026-09-30T09:38:23.980736500] offhand20.json -> configuration
[2026-09-30T09:38:23.981746900] offhand20.json moved to / se movio a configuration
[2026-09-30T09:38:23.983514500] offhand21.json -> configuration
[2026-09-30T09:38:23.983514500] offhand21.json moved to / se movio a configuration
[2026-09-30T09:38:23.986168200] offhand22.json -> configuration
[2026-09-30T09:38:23.988215] offhand22.json moved to / se movio a configuration
[2026-09-30T09:38:23.989597700] offhand23.json -> configuration
[2026-09-30T09:38:23.991677300] offhand23.json moved to / se movio a configuration
[2026-09-30T09:38:23.993832800] offhand24.json -> configuration
[2026-09-30T09:38:23.997984200] offhand24.json moved to / se movio a configuration
[2026-09-30T09:38:23.997984200] offhand25.json -> configuration
[2026-09-30T09:38:24.001515100] offhand25.json moved to / se movio a configuration
[2026-09-30T09:38:24.001515100] offhand26.json -> configuration
[2026-09-30T09:38:24.003458300] offhand26.json moved to / se movio a configuration
[2026-09-30T09:38:24.004166200] offhand27.json -> configuration
[2026-09-30T09:38:24.006185300] offhand27.json moved to / se movio a configuration
[2026-09-30T09:38:24.006722200] offhand28.json -> configuration
[2026-09-30T09:38:24.007749900] offhand28.json moved to / se movio a configuration
[2026-09-30T09:38:24.008735100] offhand29.json -> configuration
[2026-09-30T09:38:24.009382] offhand29.json moved to / se movio a configuration
[2026-09-30T09:38:24.011998700] offhand3.json -> configuration
[2026-09-30T09:38:24.014290900] offhand3.json moved to / se movio a configuration
[2026-09-30T09:38:24.015315700] offhand30.json -> configuration
[2026-09-30T09:38:24.015315700] offhand30.json moved to / se movio a configuration
[2026-09-30T09:38:24.016317100] offhand31.json -> configuration
[2026-09-30T09:38:24.017316] offhand31.json moved to / se movio a configuration
[2026-09-30T09:38:24.018305800] offhand32.json -> configuration
[2026-09-30T09:38:24.018860800] offhand32.json moved to / se movio a configuration
[2026-09-30T09:38:24.021094200] offhand33.json -> configuration
[2026-09-30T09:38:24.022619100] offhand33.json moved to / se movio a configuration
[2026-09-30T09:38:24.022619100] offhand34.json -> configuration
[2026-09-30T09:38:24.024260700] offhand34.json moved to / se movio a configuration
[2026-09-30T09:38:24.025664200] offhand35.json -> configuration
[2026-09-30T09:38:24.027680100] offhand35.json moved to / se movio a configuration
[2026-09-30T09:38:24.028677100] offhand36.json -> configuration
[2026-09-30T09:38:24.029029800] offhand36.json moved to / se movio a configuration
[2026-09-30T09:38:24.031874200] offhand37.json -> configuration
[2026-09-30T09:38:24.034242900] offhand37.json moved to / se movio a configuration
[2026-09-30T09:38:24.035260300] offhand38.json -> configuration
[2026-09-30T09:38:24.036255600] offhand38.json moved to / se movio a configuration
[2026-09-30T09:38:24.036255600] offhand39.json -> configuration
[2026-09-30T09:38:24.037263] offhand39.json moved to / se movio a configuration
[2026-09-30T09:38:24.037263] offhand4.json -> configuration
[2026-09-30T09:38:24.038881500] offhand4.json moved to / se movio a configuration
[2026-09-30T09:38:24.038881500] offhand40.json -> configuration
[2026-09-30T09:38:24.042238800] offhand40.json moved to / se movio a configuration
[2026-09-30T09:38:24.044004400] offhand41.json -> configuration
[2026-09-30T09:38:24.047454500] offhand41.json moved to / se movio a configuration
[2026-09-30T09:38:24.047454500] offhand42.json -> configuration
[2026-09-30T09:38:24.049473100] offhand42.json moved to / se movio a configuration
[2026-09-30T09:38:24.049473100] offhand43.json -> configuration
[2026-09-30T09:38:24.050476600] offhand43.json moved to / se movio a configuration
[2026-09-30T09:38:24.051467200] offhand44.json -> configuration
[2026-09-30T09:38:24.052989700] offhand44.json moved to / se movio a configuration
[2026-09-30T09:38:24.052989700] offhand45.json -> configuration
[2026-09-30T09:38:24.055256600] offhand45.json moved to / se movio a configuration
[2026-09-30T09:38:24.055256600] offhand46.json -> configuration
[2026-09-30T09:38:24.056532700] offhand46.json moved to / se movio a configuration
[2026-09-30T09:38:24.057550400] offhand47.json -> configuration
[2026-09-30T09:38:24.059412400] offhand47.json moved to / se movio a configuration
[2026-09-30T09:38:24.061424] offhand48.json -> configuration
[2026-09-30T09:38:24.063487] offhand48.json moved to / se movio a configuration
[2026-09-30T09:38:24.065517500] offhand49.json -> configuration
[2026-09-30T09:38:24.067584300] offhand49.json moved to / se movio a configuration
[2026-09-30T09:38:24.068582200] offhand5.json -> configuration
[2026-09-30T09:38:24.068582200] offhand5.json moved to / se movio a configuration
[2026-09-30T09:38:24.071532600] offhand50.json -> configuration
[2026-09-30T09:38:24.073398400] offhand50.json moved to / se movio a configuration
[2026-09-30T09:38:24.074116200] offhand51.json -> configuration
[2026-09-30T09:38:24.076231500] offhand51.json moved to / se movio a configuration
[2026-09-30T09:38:24.079728100] offhand52.json -> configuration
[2026-09-30T09:38:24.082258200] offhand52.json moved to / se movio a configuration
[2026-09-30T09:38:24.082258200] offhand53.json -> configuration
[2026-09-30T09:38:24.082258200] offhand53.json moved to / se movio a configuration
[2026-09-30T09:38:24.082258200] offhand54.json -> configuration
[2026-09-30T09:38:24.087215800] offhand54.json moved to / se movio a configuration
[2026-09-30T09:38:24.089064500] offhand6.json -> configuration
[2026-09-30T09:38:24.090081400] offhand6.json moved to / se movio a configuration
[2026-09-30T09:38:24.090081400] offhand7.json -> configuration
[2026-09-30T09:38:24.092614700] offhand7.json moved to / se movio a configuration
[2026-09-30T09:38:24.094142] offhand8.json -> configuration
[2026-09-30T09:38:24.096188600] offhand8.json moved to / se movio a configuration
[2026-09-30T09:38:24.096188600] offhand9.json -> configuration
[2026-09-30T09:38:24.096188600] offhand9.json moved to / se movio a configuration
[2026-09-30T09:38:24.096188600] offhandclock.json -> configuration
[2026-09-30T09:38:24.102345500] offhandclock.json moved to / se movio a configuration
[2026-09-30T09:38:24.103217] offhandeggall.json -> configuration
[2026-09-30T09:38:24.104226600] offhandeggall.json moved to / se movio a configuration
[2026-09-30T09:38:24.104226600] offhandshears.json -> configuration
[2026-09-30T09:38:24.105226900] offhandshears.json moved to / se movio a configuration
[2026-09-30T09:38:24.106273900] offhandtorch.json -> configuration
[2026-09-30T09:38:24.108818] offhandtorch.json moved to / se movio a configuration
[2026-09-30T09:38:24.109552] offhandultimateitem.json -> configuration
[2026-09-30T09:38:24.112521] offhandultimateitem.json moved to / se movio a configuration
[2026-09-30T09:38:24.113969600] on_load.json -> configuration
[2026-09-30T09:38:24.113969600] on_load.json moved to / se movio a configuration
[2026-09-30T09:38:24.113969600] on_tick.json -> configuration
[2026-09-30T09:38:24.113969600] on_tick.json moved to / se movio a configuration
[2026-09-30T09:38:24.113969600] opengate.json -> configuration
[2026-09-30T09:38:24.119954300] opengate.json moved to / se movio a configuration
[2026-09-30T09:38:24.119954300] open_a_terminal_here.bat -> executables
[2026-09-30T09:38:24.121446400] open_a_terminal_here.bat moved to / se movio a executables
[2026-09-30T09:38:24.122459] OS_Refresh_Upgrade.txt -> documents
[2026-09-30T09:38:24.123414600] OS_Refresh_Upgrade.txt moved to / se movio a documents
[2026-09-30T09:38:24.123414600] overdose.json -> configuration
[2026-09-30T09:38:24.126196200] overdose.json moved to / se movio a configuration
[2026-09-30T09:38:24.126196200] overkillpill.json -> configuration
[2026-09-30T09:38:24.126196200] overkillpill.json moved to / se movio a configuration
[2026-09-30T09:38:24.126196200] override_config.ini -> configuration
[2026-09-30T09:38:24.132505100] override_config.ini moved to / se movio a configuration
[2026-09-30T09:38:24.133516500] P02_Programación Estructurada.pdf -> documents
[2026-09-30T09:38:24.134525600] P02_Programación Estructurada.pdf moved to / se movio a documents
[2026-09-30T09:38:24.134525600] packages.cfg -> configuration
[2026-09-30T09:38:24.134525600] packages.cfg moved to / se movio a configuration
[2026-09-30T09:38:24.134525600] packagesendurance.cfg -> configuration
[2026-09-30T09:38:24.140365700] packagesendurance.cfg moved to / se movio a configuration
[2026-09-30T09:38:24.140365700] packagesigs.cfg -> configuration
[2026-09-30T09:38:24.141875600] packagesigs.cfg moved to / se movio a configuration
[2026-09-30T09:38:24.142887800] packagesnpu.cfg -> configuration
[2026-09-30T09:38:24.143600] packagesnpu.cfg moved to / se movio a configuration
[2026-09-30T09:38:24.146753100] packagesoneapi.cfg -> configuration
[2026-09-30T09:38:24.149255300] packagesoneapi.cfg moved to / se movio a configuration
[2026-09-30T09:38:24.149255300] PACK_CFW_NINTRICKS V22.5.0.zip -> archives
[2026-09-30T09:38:24.150258300] PACK_CFW_NINTRICKS V22.5.0.zip moved to / se movio a archives
[2026-09-30T09:38:24.151771700] palindromo.cs -> programming
[2026-09-30T09:38:24.152784900] palindromo.cs moved to / se movio a programming
[2026-09-30T09:38:24.153332500] patch_states.ini -> configuration
[2026-09-30T09:38:24.155563500] patch_states.ini moved to / se movio a configuration
[2026-09-30T09:38:24.156587700] PCIe_Device_Info.txt -> documents
[2026-09-30T09:38:24.157573500] PCIe_Device_Info.txt moved to / se movio a documents
[2026-09-30T09:38:24.158578500] PerformanceTest_Windows_x86-64.exe -> executables
[2026-09-30T09:38:24.161428700] PerformanceTest_Windows_x86-64.exe moved to / se movio a executables
[2026-09-30T09:38:24.161428700] peripheral_pair.json -> configuration
[2026-09-30T09:38:24.166539] peripheral_pair.json moved to / se movio a configuration
[2026-09-30T09:38:24.166539] Persian.xml -> configuration
[2026-09-30T09:38:24.168548] Persian.xml moved to / se movio a configuration
[2026-09-30T09:38:24.169552500] pillssave.json -> configuration
[2026-09-30T09:38:24.169552500] pillssave.json moved to / se movio a configuration
[2026-09-30T09:38:24.171649300] Ping_Test.txt -> documents
[2026-09-30T09:38:24.173912200] Ping_Test.txt moved to / se movio a documents
[2026-09-30T09:38:24.174924500] pitfalls.json -> configuration
[2026-09-30T09:38:24.177895700] pitfalls.json moved to / se movio a configuration
[2026-09-30T09:38:24.178911500] platform-tools-latest-windows.zip -> archives
[2026-09-30T09:38:24.181541300] platform-tools-latest-windows.zip moved to / se movio a archives
[2026-09-30T09:38:24.182726500] PNP_Devices.txt -> documents
[2026-09-30T09:38:24.184628] PNP_Devices.txt moved to / se movio a documents
[2026-09-30T09:38:24.186140400] Polish.xml -> configuration
[2026-09-30T09:38:24.188722500] Polish.xml moved to / se movio a configuration
[2026-09-30T09:38:24.189959900] Portuguese.xml -> configuration
[2026-09-30T09:38:24.192681400] Portuguese.xml moved to / se movio a configuration
[2026-09-30T09:38:24.193893400] PortugueseBrazil.xml -> configuration
[2026-09-30T09:38:24.195959100] PortugueseBrazil.xml moved to / se movio a configuration
[2026-09-30T09:38:24.198159100] posbasico.cs -> programming
[2026-09-30T09:38:24.200671400] posbasico.cs moved to / se movio a programming
[2026-09-30T09:38:24.201666] Power_Schemes.txt -> documents
[2026-09-30T09:38:24.203439800] Power_Schemes.txt moved to / se movio a documents
[2026-09-30T09:38:24.204300600] PP.7.15.0.build.118423570.ZDescargas.org.rar -> archives
[2026-09-30T09:38:24.205830300] PP.7.15.0.build.118423570.ZDescargas.org.rar moved to / se movio a archives
[2026-09-30T09:38:24.205830300] PPTX Slides.md -> documents
[2026-09-30T09:38:24.211656900] PPTX Slides.md moved to / se movio a documents
[2026-09-30T09:38:24.213721200] Procesohistrico-Causasprincipales-Consecuenciaspri (1).csv -> spreadsheets
[2026-09-30T09:38:24.216517800] Procesohistrico-Causasprincipales-Consecuenciaspri (1).csv moved to / se movio a spreadsheets
[2026-09-30T09:38:24.217536300] processes.csv -> spreadsheets
[2026-09-30T09:38:24.219701700] processes.csv moved to / se movio a spreadsheets
[2026-09-30T09:38:24.219701700] Prog.cs -> programming
[2026-09-30T09:38:24.223523300] Prog.cs moved to / se movio a programming
[2026-09-30T09:38:24.224533200] Program-1.cs -> programming
[2026-09-30T09:38:24.226047700] Program-1.cs moved to / se movio a programming
[2026-09-30T09:38:24.228825700] Program-2.cs -> programming
[2026-09-30T09:38:24.231534500] Program-2.cs moved to / se movio a programming
[2026-09-30T09:38:24.232481600] Program.cs -> programming
[2026-09-30T09:38:24.233494400] Program.cs moved to / se movio a programming
[2026-09-30T09:38:24.234494200] Provisioning_Packages.txt -> documents
[2026-09-30T09:38:24.234494200] Provisioning_Packages.txt moved to / se movio a documents
[2026-09-30T09:38:24.236004200] pve.json -> configuration
[2026-09-30T09:38:24.236004200] pve.json moved to / se movio a configuration
[2026-09-30T09:38:24.237018300] pvp.json -> configuration
[2026-09-30T09:38:24.237778500] pvp.json moved to / se movio a configuration
[2026-09-30T09:38:24.238808100] radioactive.json -> configuration
[2026-09-30T09:38:24.239793700] radioactive.json moved to / se movio a configuration
[2026-09-30T09:38:24.239793700] README.md -> documents
[2026-09-30T09:38:24.240813] README.md moved to / se movio a documents
[2026-09-30T09:38:24.241807800] Readme.txt -> documents
[2026-09-30T09:38:24.242571500] Readme.txt moved to / se movio a documents
[2026-09-30T09:38:24.245898] realtek-pcie-memory-card-reader-driver_4yhv8_win64_10.0.26200.21387_a09.txt -> documents
[2026-09-30T09:38:24.247705700] realtek-pcie-memory-card-reader-driver_4yhv8_win64_10.0.26200.21387_a09.txt moved to / se movio a documents
[2026-09-30T09:38:24.248720200] reboot_payload.bin -> executables
[2026-09-30T09:38:24.248720200] reboot_payload.bin moved to / se movio a executables
[2026-09-30T09:38:24.249725300] recovery.img -> disk_images
[2026-09-30T09:38:24.250719100] recovery.img moved to / se movio a disk_images
[2026-09-30T09:38:24.251714700] ReiNX.bin -> executables
[2026-09-30T09:38:24.253122] ReiNX.bin moved to / se movio a executables
[2026-09-30T09:38:24.253471300] requirements.txt -> documents
[2026-09-30T09:38:24.253471300] requirements.txt moved to / se movio a documents
[2026-09-30T09:38:24.255198600] resources.zip -> archives
[2026-09-30T09:38:24.256550500] resources.zip moved to / se movio a archives
[2026-09-30T09:38:24.256550500] rng1.json -> configuration
[2026-09-30T09:38:24.261289] rng1.json moved to / se movio a configuration
[2026-09-30T09:38:24.262827600] rng2.json -> configuration
[2026-09-30T09:38:24.265160100] rng2.json moved to / se movio a configuration
[2026-09-30T09:38:24.265160100] rng3.json -> configuration
[2026-09-30T09:38:24.266171700] rng3.json moved to / se movio a configuration
[2026-09-30T09:38:24.266171700] rng4.json -> configuration
[2026-09-30T09:38:24.266171700] rng4.json moved to / se movio a configuration
[2026-09-30T09:38:24.266171700] rng5.json -> configuration
[2026-09-30T09:38:24.266171700] rng5.json moved to / se movio a configuration
[2026-09-30T09:38:24.271393800] rng6.json -> configuration
[2026-09-30T09:38:24.272403200] rng6.json moved to / se movio a configuration
[2026-09-30T09:38:24.272403200] root.json -> configuration
[2026-09-30T09:38:24.273338] root.json moved to / se movio a configuration
[2026-09-30T09:38:24.274347900] root2.json -> configuration
[2026-09-30T09:38:24.275963900] root2.json moved to / se movio a configuration
[2026-09-30T09:38:24.275963900] root3.json -> configuration
[2026-09-30T09:38:24.279557900] root3.json moved to / se movio a configuration
[2026-09-30T09:38:24.280377400] root4.json -> configuration
[2026-09-30T09:38:24.281387] root4.json moved to / se movio a configuration
[2026-09-30T09:38:24.282401800] rtxaud.cfg -> configuration
[2026-09-30T09:38:24.283402300] rtxaud.cfg moved to / se movio a configuration
[2026-09-30T09:38:24.283402300] rufus-4.15.exe -> executables
[2026-09-30T09:38:24.283402300] rufus-4.15.exe moved to / se movio a executables
[2026-09-30T09:38:24.283402300] run.bat -> executables
[2026-09-30T09:38:24.289454800] run.bat moved to / se movio a executables
[2026-09-30T09:38:24.290464100] run.sh -> executables
[2026-09-30T09:38:24.290464100] run.sh moved to / se movio a executables
[2026-09-30T09:38:24.291982] rushgenerators.json -> configuration
[2026-09-30T09:38:24.294212900] rushgenerators.json moved to / se movio a configuration
[2026-09-30T09:38:24.295775800] rushgenerators2.json -> configuration
[2026-09-30T09:38:24.297820800] rushgenerators2.json moved to / se movio a configuration
[2026-09-30T09:38:24.298834] rushgenerators3.json -> configuration
[2026-09-30T09:38:24.299832400] rushgenerators3.json moved to / se movio a configuration
[2026-09-30T09:38:24.300832900] Russian.xml -> configuration
[2026-09-30T09:38:24.301778] Russian.xml moved to / se movio a configuration
[2026-09-30T09:38:24.303788700] samespot.json -> configuration
[2026-09-30T09:38:24.303788700] samespot.json moved to / se movio a configuration
[2026-09-30T09:38:24.305801800] samevalue.json -> configuration
[2026-09-30T09:38:24.307994700] samevalue.json moved to / se movio a configuration
[2026-09-30T09:38:24.309014800] sandboxpet.json -> configuration
[2026-09-30T09:38:24.311465500] sandboxpet.json moved to / se movio a configuration
[2026-09-30T09:38:24.311465500] sc7entry.bin -> executables
[2026-09-30T09:38:24.312483900] sc7entry.bin moved to / se movio a executables
[2026-09-30T09:38:24.315163500] sc7exit.bin -> executables
[2026-09-30T09:38:24.315688600] sc7exit.bin moved to / se movio a executables
[2026-09-30T09:38:24.315688600] sc7exit_b01.bin -> executables
[2026-09-30T09:38:24.316709100] sc7exit_b01.bin moved to / se movio a executables
[2026-09-30T09:38:24.316709100] scorch.json -> configuration
[2026-09-30T09:38:24.317738900] scorch.json moved to / se movio a configuration
[2026-09-30T09:38:24.318701300] scrcpy-win64-v4.1.zip -> archives
[2026-09-30T09:38:24.319712700] scrcpy-win64-v4.1.zip moved to / se movio a archives
[2026-09-30T09:38:24.319712700] scrcpy.exe -> executables
[2026-09-30T09:38:24.320707800] scrcpy.exe moved to / se movio a executables
[2026-09-30T09:38:24.320707800] scrcpy.png -> images
[2026-09-30T09:38:24.321710300] scrcpy.png moved to / se movio a images
[2026-09-30T09:38:24.321710300] Screenshot 2026-09-18 125350.png -> images
[2026-09-30T09:38:24.323367300] Screenshot 2026-09-18 125350.png moved to / se movio a images
[2026-09-30T09:38:24.323730400] secret1.json -> configuration
[2026-09-30T09:38:24.324753100] secret1.json moved to / se movio a configuration
[2026-09-30T09:38:24.324753100] secret2.json -> configuration
[2026-09-30T09:38:24.327663100] secret2.json moved to / se movio a configuration
[2026-09-30T09:38:24.328667500] secret3.json -> configuration
[2026-09-30T09:38:24.329590200] secret3.json moved to / se movio a configuration
[2026-09-30T09:38:24.330511600] secret4.json -> configuration
[2026-09-30T09:38:24.331375800] secret4.json moved to / se movio a configuration
[2026-09-30T09:38:24.331896600] secret5.json -> configuration
[2026-09-30T09:38:24.331896600] secret5.json moved to / se movio a configuration
[2026-09-30T09:38:24.332919] secret6.json -> configuration
[2026-09-30T09:38:24.333919] secret6.json moved to / se movio a configuration
[2026-09-30T09:38:24.333919] secretroot.json -> configuration
[2026-09-30T09:38:24.334937100] secretroot.json moved to / se movio a configuration
[2026-09-30T09:38:24.337232700] secretroot2.json -> configuration
[2026-09-30T09:38:24.337232700] secretroot2.json moved to / se movio a configuration
[2026-09-30T09:38:24.339249200] see2periphs.json -> configuration
[2026-09-30T09:38:24.341056700] see2periphs.json moved to / se movio a configuration
[2026-09-30T09:38:24.341565300] Seleccion.cs -> programming
[2026-09-30T09:38:24.343724] Seleccion.cs moved to / se movio a programming
[2026-09-30T09:38:24.345734500] Self-Hosted Personal Dashboard Project Idea.md -> documents
[2026-09-30T09:38:24.348604700] Self-Hosted Personal Dashboard Project Idea.md moved to / se movio a documents
[2026-09-30T09:38:24.348604700] Serbian (Cyrilic).xml -> configuration
[2026-09-30T09:38:24.350828600] Serbian (Cyrilic).xml moved to / se movio a configuration
[2026-09-30T09:38:24.351827500] Serbian (Latin).xml -> configuration
[2026-09-30T09:38:24.352342900] Serbian (Latin).xml moved to / se movio a configuration
[2026-09-30T09:38:24.353264300] Service.1.log -> logs
[2026-09-30T09:38:24.354146] Service.1.log moved to / se movio a logs
[2026-09-30T09:38:24.354146] Service.log -> logs
[2026-09-30T09:38:24.355962] Service.log moved to / se movio a logs
[2026-09-30T09:38:24.355962] services.cfg -> configuration
[2026-09-30T09:38:24.356982500] services.cfg moved to / se movio a configuration
[2026-09-30T09:38:24.356982500] Services.txt -> documents
[2026-09-30T09:38:24.357979500] Services.txt moved to / se movio a documents
[2026-09-30T09:38:24.357979500] servicesaudio.cfg -> configuration
[2026-09-30T09:38:24.358972] servicesaudio.cfg moved to / se movio a configuration
[2026-09-30T09:38:24.358972] servicesigs.cfg -> configuration
[2026-09-30T09:38:24.363924] servicesigs.cfg moved to / se movio a configuration
[2026-09-30T09:38:24.364802400] session.lock -> programming
[2026-09-30T09:38:24.365989400] session.lock moved to / se movio a programming
[2026-09-30T09:38:24.365989400] Settings.xml -> configuration
[2026-09-30T09:38:24.367016800] Settings.xml moved to / se movio a configuration
[2026-09-30T09:38:24.367016800] setup-lightshot.exe -> executables
[2026-09-30T09:38:24.367016800] setup-lightshot.exe moved to / se movio a executables
[2026-09-30T09:38:24.367016800] setupapi.app.log -> logs
[2026-09-30T09:38:24.367016800] setupapi.app.log moved to / se movio a logs
[2026-09-30T09:38:24.367016800] setupapi.dev.log -> logs
[2026-09-30T09:38:24.372291700] setupapi.dev.log moved to / se movio a logs
[2026-09-30T09:38:24.372291700] shareddriverfiles.cfg -> configuration
[2026-09-30T09:38:24.373251500] shareddriverfiles.cfg moved to / se movio a configuration
[2026-09-30T09:38:24.373251500] Sleepstudy.html -> programming
[2026-09-30T09:38:24.374311600] Sleepstudy.html moved to / se movio a programming
[2026-09-30T09:38:24.374311600] Slovak.xml -> configuration
[2026-09-30T09:38:24.375712200] Slovak.xml moved to / se movio a configuration
[2026-09-30T09:38:24.376367400] Slovenian.xml -> configuration
[2026-09-30T09:38:24.377392800] Slovenian.xml moved to / se movio a configuration
[2026-09-30T09:38:24.379309100] smellall.json -> configuration
[2026-09-30T09:38:24.379309100] smellall.json moved to / se movio a configuration
[2026-09-30T09:38:24.380333300] smiler_sameid.json -> configuration
[2026-09-30T09:38:24.380333300] smiler_sameid.json moved to / se movio a configuration
[2026-09-30T09:38:24.380333300] sneak.json -> configuration
[2026-09-30T09:38:24.381847300] sneak.json moved to / se movio a configuration
[2026-09-30T09:38:24.382863200] soclose1.json -> configuration
[2026-09-30T09:38:24.384385300] soclose1.json moved to / se movio a configuration
[2026-09-30T09:38:24.384385300] Software and Alternatives.md -> documents
[2026-09-30T09:38:24.386577400] Software and Alternatives.md moved to / se movio a documents
[2026-09-30T09:38:24.386577400] Software_Fix_v7.6.2.10_setup.exe -> executables
[2026-09-30T09:38:24.388588700] Software_Fix_v7.6.2.10_setup.exe moved to / se movio a executables
[2026-09-30T09:38:24.388588700] source.properties -> configuration
[2026-09-30T09:38:24.389591600] source.properties moved to / se movio a configuration
[2026-09-30T09:38:24.390591900] Spanish (Spain).xml -> configuration
[2026-09-30T09:38:24.392010200] Spanish (Spain).xml moved to / se movio a configuration
[2026-09-30T09:38:24.393065700] Spanish.xml -> configuration
[2026-09-30T09:38:24.395660] Spanish.xml moved to / se movio a configuration
[2026-09-30T09:38:24.396649100] SpanishRevisedRVR1960Bible.xml -> configuration
[2026-09-30T09:38:24.397089700] SpanishRevisedRVR1960Bible.xml moved to / se movio a configuration
[2026-09-30T09:38:24.397089700] speedrun.json -> configuration
[2026-09-30T09:38:24.397089700] speedrun.json moved to / se movio a configuration
[2026-09-30T09:38:24.397089700] speedrun2.json -> configuration
[2026-09-30T09:38:24.400279400] speedrun2.json moved to / se movio a configuration
[2026-09-30T09:38:24.400279400] sqlite3.exe -> executables
[2026-09-30T09:38:24.401802800] sqlite3.exe moved to / se movio a executables
[2026-09-30T09:38:24.401802800] Startup_Processes.txt -> documents
[2026-09-30T09:38:24.403376700] Startup_Processes.txt moved to / se movio a documents
[2026-09-30T09:38:24.403376700] static.yml -> configuration
[2026-09-30T09:38:24.403994800] static.yml moved to / se movio a configuration
[2026-09-30T09:38:24.403994800] Steps to learn web development.md -> documents
[2026-09-30T09:38:24.405516900] Steps to learn web development.md moved to / se movio a documents
[2026-09-30T09:38:24.405516900] Still Testing Ideas.md -> documents
[2026-09-30T09:38:24.406540100] Still Testing Ideas.md moved to / se movio a documents
[2026-09-30T09:38:24.406540100] stratosphere.ini -> configuration
[2026-09-30T09:38:24.407635500] stratosphere.ini moved to / se movio a configuration
[2026-09-30T09:38:24.407635500] super_empty.img -> disk_images
[2026-09-30T09:38:24.409060700] super_empty.img moved to / se movio a disk_images
[2026-09-30T09:38:24.409060700] SupportAssistLauncher.exe -> executables
[2026-09-30T09:38:24.411620500] SupportAssistLauncher.exe moved to / se movio a executables
[2026-09-30T09:38:24.414332500] Swedish.xml -> configuration
[2026-09-30T09:38:24.415384700] Swedish.xml moved to / se movio a configuration
[2026-09-30T09:38:24.415384700] switch_pieces.json -> configuration
[2026-09-30T09:38:24.416390800] switch_pieces.json moved to / se movio a configuration
[2026-09-30T09:38:24.416390800] SX_Loader.bin -> executables
[2026-09-30T09:38:24.417385400] SX_Loader.bin moved to / se movio a executables
[2026-09-30T09:38:24.417385400] sysdata_dumps.zip -> archives
[2026-09-30T09:38:24.418388900] sysdata_dumps.zip moved to / se movio a archives
[2026-09-30T09:38:24.418388900] SystemInfo.txt -> documents
[2026-09-30T09:38:24.419381800] SystemInfo.txt moved to / se movio a documents
[2026-09-30T09:38:24.420721500] System_Board.txt -> documents
[2026-09-30T09:38:24.421731400] System_Board.txt moved to / se movio a documents
[2026-09-30T09:38:24.421731400] System_EventLog.csv -> spreadsheets
[2026-09-30T09:38:24.422741] System_EventLog.csv moved to / se movio a spreadsheets
[2026-09-30T09:38:24.423186900] system_settings.ini -> configuration
[2026-09-30T09:38:24.423755500] system_settings.ini moved to / se movio a configuration
[2026-09-30T09:38:24.423755500] tagflashlightoff1.json -> configuration
[2026-09-30T09:38:24.425540200] tagflashlightoff1.json moved to / se movio a configuration
[2026-09-30T09:38:24.426310200] tagflashlightoff2.json -> configuration
[2026-09-30T09:38:24.428079] tagflashlightoff2.json moved to / se movio a configuration
[2026-09-30T09:38:24.428807700] tagflashlighton1.json -> configuration
[2026-09-30T09:38:24.429817900] tagflashlighton1.json moved to / se movio a configuration
[2026-09-30T09:38:24.429817900] tagflashlighton2.json -> configuration
[2026-09-30T09:38:24.430816200] tagflashlighton2.json moved to / se movio a configuration
[2026-09-30T09:38:24.430816200] taserall.json -> configuration
[2026-09-30T09:38:24.431632800] taserall.json moved to / se movio a configuration
[2026-09-30T09:38:24.432643700] taskroot.json -> configuration
[2026-09-30T09:38:24.432643700] taskroot.json moved to / se movio a configuration
[2026-09-30T09:38:24.432643700] Taskscheduler.txt -> documents
[2026-09-30T09:38:24.432643700] Taskscheduler.txt moved to / se movio a documents
[2026-09-30T09:38:24.432643700] task_1.json -> configuration
[2026-09-30T09:38:24.432643700] task_1.json moved to / se movio a configuration
[2026-09-30T09:38:24.432643700] task_10.json -> configuration
[2026-09-30T09:38:24.437430600] task_10.json moved to / se movio a configuration
[2026-09-30T09:38:24.437430600] task_11.json -> configuration
[2026-09-30T09:38:24.438450500] task_11.json moved to / se movio a configuration
[2026-09-30T09:38:24.438450500] task_11_2.json -> configuration
[2026-09-30T09:38:24.439450700] task_11_2.json moved to / se movio a configuration
[2026-09-30T09:38:24.439450700] task_12.json -> configuration
[2026-09-30T09:38:24.440448400] task_12.json moved to / se movio a configuration
[2026-09-30T09:38:24.440448400] task_2.json -> configuration
[2026-09-30T09:38:24.442365100] task_2.json moved to / se movio a configuration
[2026-09-30T09:38:24.443636700] task_3.json -> configuration
[2026-09-30T09:38:24.445353100] task_3.json moved to / se movio a configuration
[2026-09-30T09:38:24.446468700] task_3_1.json -> configuration
[2026-09-30T09:38:24.447226800] task_3_1.json moved to / se movio a configuration
[2026-09-30T09:38:24.447867700] task_4.json -> configuration
[2026-09-30T09:38:24.447867700] task_4.json moved to / se movio a configuration
[2026-09-30T09:38:24.448890900] task_5.json -> configuration
[2026-09-30T09:38:24.448890900] task_5.json moved to / se movio a configuration
[2026-09-30T09:38:24.449889200] task_5_1.json -> configuration
[2026-09-30T09:38:24.449889200] task_5_1.json moved to / se movio a configuration
[2026-09-30T09:38:24.449889200] task_6.json -> configuration
[2026-09-30T09:38:24.452052] task_6.json moved to / se movio a configuration
[2026-09-30T09:38:24.452052] task_7.json -> configuration
[2026-09-30T09:38:24.453958800] task_7.json moved to / se movio a configuration
[2026-09-30T09:38:24.453958800] task_7_2.json -> configuration
[2026-09-30T09:38:24.453958800] task_7_2.json moved to / se movio a configuration
[2026-09-30T09:38:24.455475700] task_8.json -> configuration
[2026-09-30T09:38:24.456504200] task_8.json moved to / se movio a configuration
[2026-09-30T09:38:24.456504200] task_9.json -> configuration
[2026-09-30T09:38:24.458316500] task_9.json moved to / se movio a configuration
[2026-09-30T09:38:24.459203] TegraRcmGUI.exe -> executables
[2026-09-30T09:38:24.461728] TegraRcmGUI.exe moved to / se movio a executables
[2026-09-30T09:38:24.461728] TegraRcmSmash.exe -> executables
[2026-09-30T09:38:24.461728] TegraRcmSmash.exe moved to / se movio a executables
[2026-09-30T09:38:24.461728] Temp.cs -> programming
[2026-09-30T09:38:24.461728] Temp.cs moved to / se movio a programming
[2026-09-30T09:38:24.465049700] ten_games.json -> configuration
[2026-09-30T09:38:24.465049700] ten_games.json moved to / se movio a configuration
[2026-09-30T09:38:24.466059] test results.txt -> documents
[2026-09-30T09:38:24.467075700] test results.txt moved to / se movio a documents
[2026-09-30T09:38:24.467075700] Thai.xml -> configuration
[2026-09-30T09:38:24.468057800] Thai.xml moved to / se movio a configuration
[2026-09-30T09:38:24.468057800] The Cross.mp3 -> music
[2026-09-30T09:38:24.468057800] The Cross.mp3 moved to / se movio a music
[2026-09-30T09:38:24.471656900] the_real_end.json -> configuration
[2026-09-30T09:38:24.471656900] the_real_end.json moved to / se movio a configuration
[2026-09-30T09:38:24.473928] this_id.json -> configuration
[2026-09-30T09:38:24.474938500] this_id.json moved to / se movio a configuration
[2026-09-30T09:38:24.474938500] thk.bin -> executables
[2026-09-30T09:38:24.476303] thk.bin moved to / se movio a executables
[2026-09-30T09:38:24.476615500] tick.json -> configuration
[2026-09-30T09:38:24.478628600] tick.json moved to / se movio a configuration
[2026-09-30T09:38:24.478628600] timerecord.json -> configuration
[2026-09-30T09:38:24.480468400] timerecord.json moved to / se movio a configuration
[2026-09-30T09:38:24.480902100] toolbox.json -> configuration
[2026-09-30T09:38:24.481892800] toolbox.json moved to / se movio a configuration
[2026-09-30T09:38:24.481892800] torment.json -> configuration
[2026-09-30T09:38:24.482907300] torment.json moved to / se movio a configuration
[2026-09-30T09:38:24.482907300] TPM.txt -> documents
[2026-09-30T09:38:24.483918900] TPM.txt moved to / se movio a documents
[2026-09-30T09:38:24.483918900] tripod_dark.json -> configuration
[2026-09-30T09:38:24.487887800] tripod_dark.json moved to / se movio a configuration
[2026-09-30T09:38:24.488897400] tripod_kill.json -> configuration
[2026-09-30T09:38:24.489895200] tripod_kill.json moved to / se movio a configuration
[2026-09-30T09:38:24.489895200] tripod_wakeup.json -> configuration
[2026-09-30T09:38:24.491846] tripod_wakeup.json moved to / se movio a configuration
[2026-09-30T09:38:24.492489500] Turkish.xml -> configuration
[2026-09-30T09:38:24.494001900] Turkish.xml moved to / se movio a configuration
[2026-09-30T09:38:24.494001900] tv.json -> configuration
[2026-09-30T09:38:24.496658200] tv.json moved to / se movio a configuration
[2026-09-30T09:38:24.496658200] twenty_games.json -> configuration
[2026-09-30T09:38:24.497667400] twenty_games.json moved to / se movio a configuration
[2026-09-30T09:38:24.498667900] uberhacker.json -> configuration
[2026-09-30T09:38:24.498667900] uberhacker.json moved to / se movio a configuration
[2026-09-30T09:38:24.499669600] Ukrainian.xml -> configuration
[2026-09-30T09:38:24.499669600] Ukrainian.xml moved to / se movio a configuration
[2026-09-30T09:38:24.500670100] ums_boot0.ini -> configuration
[2026-09-30T09:38:24.501669400] ums_boot0.ini moved to / se movio a configuration
[2026-09-30T09:38:24.501669400] ums_boot1.ini -> configuration
[2026-09-30T09:38:24.503299300] ums_boot1.ini moved to / se movio a configuration
[2026-09-30T09:38:24.503299300] ums_emmc.ini -> configuration
[2026-09-30T09:38:24.503299300] ums_emmc.ini moved to / se movio a configuration
[2026-09-30T09:38:24.505322500] ums_emmc.scr.img -> disk_images
[2026-09-30T09:38:24.506521300] ums_emmc.scr.img moved to / se movio a disk_images
[2026-09-30T09:38:24.506521300] ums_emmc_boot0.scr.img -> disk_images
[2026-09-30T09:38:24.507561800] ums_emmc_boot0.scr.img moved to / se movio a disk_images
[2026-09-30T09:38:24.507561800] ums_emmc_boot1.scr.img -> disk_images
[2026-09-30T09:38:24.508531500] ums_emmc_boot1.scr.img moved to / se movio a disk_images
[2026-09-30T09:38:24.509170400] ums_sd.bat -> executables
[2026-09-30T09:38:24.511856800] ums_sd.bat moved to / se movio a executables
[2026-09-30T09:38:24.512872900] ums_sd.ini -> configuration
[2026-09-30T09:38:24.514524600] ums_sd.ini moved to / se movio a configuration
[2026-09-30T09:38:24.514524600] ums_sd.scr.img -> disk_images
[2026-09-30T09:38:24.515532900] ums_sd.scr.img moved to / se movio a disk_images
[2026-09-30T09:38:24.515532900] unknown.json -> configuration
[2026-09-30T09:38:24.516533200] unknown.json moved to / se movio a configuration
[2026-09-30T09:38:24.516533200] update.bin -> executables
[2026-09-30T09:38:24.517534300] update.bin moved to / se movio a executables
[2026-09-30T09:38:24.517534300] USB_Devices.txt -> documents
[2026-09-30T09:38:24.518957] USB_Devices.txt moved to / se movio a documents
[2026-09-30T09:38:24.519955500] V2.6_changes.txt -> documents
[2026-09-30T09:38:24.520876600] V2.6_changes.txt moved to / se movio a documents
[2026-09-30T09:38:24.520876600] vault_walker.py -> programming
[2026-09-30T09:38:24.521897300] vault_walker.py moved to / se movio a programming
[2026-09-30T09:38:24.521897300] vbmeta.img -> disk_images
[2026-09-30T09:38:24.522927200] vbmeta.img moved to / se movio a disk_images
[2026-09-30T09:38:24.522927200] VDD.Control.25.7.23.zip -> archives
[2026-09-30T09:38:24.523971800] VDD.Control.25.7.23.zip moved to / se movio a archives
[2026-09-30T09:38:24.523971800] vendor_boot.img -> disk_images
[2026-09-30T09:38:24.525556400] vendor_boot.img moved to / se movio a disk_images
[2026-09-30T09:38:24.525556400] ventoy-1.1.17-windows.zip -> archives
[2026-09-30T09:38:24.528271600] ventoy-1.1.17-windows.zip moved to / se movio a archives
[2026-09-30T09:38:24.528271600] Ventura_13.0.1.iso -> disk_images
[2026-09-30T09:38:24.529797200] Ventura_13.0.1.iso moved to / se movio a disk_images
[2026-09-30T09:38:24.530520200] vhscomplete.json -> configuration
[2026-09-30T09:38:24.531537800] vhscomplete.json moved to / se movio a configuration
[2026-09-30T09:38:24.531537800] vhs_hazmatoff.json -> configuration
[2026-09-30T09:38:24.532606600] vhs_hazmatoff.json moved to / se movio a configuration
[2026-09-30T09:38:24.532606600] vhs_hazmaton.json -> configuration
[2026-09-30T09:38:24.532606600] vhs_hazmaton.json moved to / se movio a configuration
[2026-09-30T09:38:24.532606600] Video.txt -> documents
[2026-09-30T09:38:24.532606600] Video.txt moved to / se movio a documents
[2026-09-30T09:38:24.532606600] Vietnamese.xml -> configuration
[2026-09-30T09:38:24.532606600] Vietnamese.xml moved to / se movio a configuration
[2026-09-30T09:38:24.536904100] VirtualBox-7.2.16-174877-Win.exe -> executables
[2026-09-30T09:38:24.538019200] VirtualBox-7.2.16-174877-Win.exe moved to / se movio a executables
[2026-09-30T09:38:24.539035600] water_or_light.json -> configuration
[2026-09-30T09:38:24.540045500] water_or_light.json moved to / se movio a configuration
[2026-09-30T09:38:24.540045500] wearingboots1.json -> configuration
[2026-09-30T09:38:24.541568500] wearingboots1.json moved to / se movio a configuration
[2026-09-30T09:38:24.542396600] wearingboots2.json -> configuration
[2026-09-30T09:38:24.542396600] wearingboots2.json moved to / se movio a configuration
[2026-09-30T09:38:24.546097] WhatsApp Image 2026-09-18 at 4.13.38 PM.jpeg -> images
[2026-09-30T09:38:24.546097] WhatsApp Image 2026-09-18 at 4.13.38 PM.jpeg moved to / se movio a images
[2026-09-30T09:38:24.547119400] windowsdesktop-runtime-8.0.31-win-x64.exe -> executables
[2026-09-30T09:38:24.547968500] windowsdesktop-runtime-8.0.31-win-x64.exe moved to / se movio a executables
[2026-09-30T09:38:24.548808300] WindowsUpdateLog.txt -> documents
[2026-09-30T09:38:24.548808300] WindowsUpdateLog.txt moved to / se movio a documents
[2026-09-30T09:38:24.549815900] Wired_Profiles.txt -> documents
[2026-09-30T09:38:24.550824900] Wired_Profiles.txt moved to / se movio a documents
[2026-09-30T09:38:24.550824900] Wired_Settings.txt -> documents
[2026-09-30T09:38:24.551910500] Wired_Settings.txt moved to / se movio a documents
[2026-09-30T09:38:24.551910500] wlan-report-latest.html -> programming
[2026-09-30T09:38:24.553559500] wlan-report-latest.html moved to / se movio a programming
[2026-09-30T09:38:24.554585900] xournalpp-mobile-1.1.11.apk -> executables
[2026-09-30T09:38:24.554585900] xournalpp-mobile-1.1.11.apk moved to / se movio a executables
[2026-09-30T09:38:24.555579600] [Guru3D]-DDU.zip -> archives
[2026-09-30T09:38:24.555579600] [Guru3D]-DDU.zip moved to / se movio a archives
[2026-09-30T09:38:24.556577900] _For translators - ReadMe.txt -> documents
[2026-09-30T09:38:24.556577900] _For translators - ReadMe.txt moved to / se movio a documents
[2026-09-30T09:38:24.558152700] §e§lBy§6§lInfiniteXgg§d§l[v9.9.2]§f(24-09-2026).zip -> archives
[2026-09-30T09:38:24.757681700] §e§lBy§6§lInfiniteXgg§d§l[v9.9.2]§f(24-09-2026).zip moved to / se movio a archives
[2026-09-30T09:39:31.688026200] bible_import_WIN.zip -> archives
[2026-09-30T09:39:31.688026200] bible_import_WIN.zip moved to / se movio a archives
[2026-09-30T09:39:31.688026200] composer-bridge-1.6.0-windows-amd64 (1).zip -> archives
[2026-09-30T09:39:31.691697900] composer-bridge-1.6.0-windows-amd64 (1).zip moved to / se movio a archives
[2026-09-30T09:39:31.691697900] composer-bridge-1.6.0-windows-amd64.zip -> archives
[2026-09-30T09:39:31.694403100] composer-bridge-1.6.0-windows-amd64.zip moved to / se movio a archives
[2026-09-30T09:39:31.695409400] DisableWindowsUpdate.zip -> archives
[2026-09-30T09:39:31.695409400] DisableWindowsUpdate.zip moved to / se movio a archives
[2026-09-30T09:39:31.696408600] GestureSignSetup-8.1.0.0.zip -> archives
[2026-09-30T09:39:31.696408600] GestureSignSetup-8.1.0.0.zip moved to / se movio a archives
[2026-09-30T09:39:31.696408600] hekate_ctcaer_6.5.3_Nyx_1.9.3.zip -> archives
[2026-09-30T09:39:31.697914400] hekate_ctcaer_6.5.3_Nyx_1.9.3.zip moved to / se movio a archives
[2026-09-30T09:39:31.697914400] hwi_852.zip -> archives
[2026-09-30T09:39:31.699222500] hwi_852.zip moved to / se movio a archives
[2026-09-30T09:39:31.699222500] Latitude5430_8V8Y2T3_Mon09142026_12524674.zip -> archives
[2026-09-30T09:39:31.701252] Latitude5430_8V8Y2T3_Mon09142026_12524674.zip moved to / se movio a archives
[2026-09-30T09:39:31.701767600] Latitude5430_8V8Y2T3_Wed09162026_10264139.zip -> archives
[2026-09-30T09:39:31.701767600] Latitude5430_8V8Y2T3_Wed09162026_10264139.zip moved to / se movio a archives
[2026-09-30T09:39:31.702774300] Latitude5430_8V8Y2T3_Wed09162026_13544680.zip -> archives
[2026-09-30T09:39:31.703773900] Latitude5430_8V8Y2T3_Wed09162026_13544680.zip moved to / se movio a archives
[2026-09-30T09:39:31.703773900] lineage-23.2-20260919-nightly-genevn-signed.zip -> archives
[2026-09-30T09:39:31.704775700] lineage-23.2-20260919-nightly-genevn-signed.zip moved to / se movio a archives
[2026-09-30T09:39:31.705774500] PACK_CFW_NINTRICKS V22.5.0.zip -> archives
[2026-09-30T09:39:31.706774600] PACK_CFW_NINTRICKS V22.5.0.zip moved to / se movio a archives
[2026-09-30T09:39:31.706774600] platform-tools-latest-windows.zip -> archives
[2026-09-30T09:39:31.709343] platform-tools-latest-windows.zip moved to / se movio a archives
[2026-09-30T09:39:31.710010700] PP.7.15.0.build.118423570.ZDescargas.org.rar -> archives
[2026-09-30T09:39:31.711525800] PP.7.15.0.build.118423570.ZDescargas.org.rar moved to / se movio a archives
[2026-09-30T09:39:31.713539700] resources.zip -> archives
[2026-09-30T09:39:31.713539700] resources.zip moved to / se movio a archives
[2026-09-30T09:39:31.713539700] scrcpy-win64-v4.1.zip -> archives
[2026-09-30T09:39:31.713539700] scrcpy-win64-v4.1.zip moved to / se movio a archives
[2026-09-30T09:39:31.713539700] sysdata_dumps.zip -> archives
[2026-09-30T09:39:31.713539700] sysdata_dumps.zip moved to / se movio a archives
[2026-09-30T09:39:31.713539700] VDD.Control.25.7.23.zip -> archives
[2026-09-30T09:39:31.713539700] VDD.Control.25.7.23.zip moved to / se movio a archives
[2026-09-30T09:39:31.719478600] ventoy-1.1.17-windows.zip -> archives
[2026-09-30T09:39:31.720485800] ventoy-1.1.17-windows.zip moved to / se movio a archives
[2026-09-30T09:39:31.720485800] [Guru3D]-DDU.zip -> archives
[2026-09-30T09:39:31.721621800] [Guru3D]-DDU.zip moved to / se movio a archives
[2026-09-30T09:39:31.722181100] §e§lBy§6§lInfiniteXgg§d§l[v9.9.2]§f(24-09-2026).zip -> archives
[2026-09-30T09:39:31.723230600] §e§lBy§6§lInfiniteXgg§d§l[v9.9.2]§f(24-09-2026).zip moved to / se movio a archives
[2026-09-30T09:39:31.724258100] driverfilesKMPFD.cfg.bak -> backup
[2026-09-30T09:39:31.725851200] driverfilesKMPFD.cfg.bak moved to / se movio a backup
[2026-09-30T09:39:31.726254300] gfedriverfiles.cfg.bak -> backup
[2026-09-30T09:39:31.726649400] gfedriverfiles.cfg.bak moved to / se movio a backup
[2026-09-30T09:39:31.727683900] .env -> configuration
[2026-09-30T09:39:31.728654900] .env moved to / se movio a configuration
[2026-09-30T09:39:31.728654900] .token_cache.json -> configuration
[2026-09-30T09:39:31.728654900] .token_cache.json moved to / se movio a configuration
[2026-09-30T09:39:31.729655500] 100game.json -> configuration
[2026-09-30T09:39:31.729655500] 100game.json moved to / se movio a configuration
[2026-09-30T09:39:31.730654900] 100punch.json -> configuration
[2026-09-30T09:39:31.731568700] 100punch.json moved to / se movio a configuration
[2026-09-30T09:39:31.732029800] 1v1.json -> configuration
[2026-09-30T09:39:31.732347100] 1v1.json moved to / se movio a configuration
[2026-09-30T09:39:31.732347100] 2026-09-16__10-36-22_DDULog.xml -> configuration
[2026-09-30T09:39:31.733353700] 2026-09-16__10-36-22_DDULog.xml moved to / se movio a configuration
[2026-09-30T09:39:31.733353700] 2026-09-16__10-48-44_DDULog.xml -> configuration
[2026-09-30T09:39:31.733353700] 2026-09-16__10-48-44_DDULog.xml moved to / se movio a configuration
[2026-09-30T09:39:31.734353200] 3secret1.json -> configuration
[2026-09-30T09:39:31.734353200] 3secret1.json moved to / se movio a configuration
[2026-09-30T09:39:31.734353200] 7zDP_LZMA.cfg -> configuration
[2026-09-30T09:39:31.735352500] 7zDP_LZMA.cfg moved to / se movio a configuration
[2026-09-30T09:39:31.735352500] air_or_light.json -> configuration
[2026-09-30T09:39:31.736543300] air_or_light.json moved to / se movio a configuration
[2026-09-30T09:39:31.736543300] allboats.json -> configuration
[2026-09-30T09:39:31.738205700] allboats.json moved to / se movio a configuration
[2026-09-30T09:39:31.738205700] allend.json -> configuration
[2026-09-30T09:39:31.738205700] allend.json moved to / se movio a configuration
[2026-09-30T09:39:31.738205700] almond_drink.json -> configuration
[2026-09-30T09:39:31.738205700] almond_drink.json moved to / se movio a configuration
[2026-09-30T09:39:31.738205700] almond_water.json -> configuration
[2026-09-30T09:39:31.741986600] almond_water.json moved to / se movio a configuration
[2026-09-30T09:39:31.741986600] Arabic.xml -> configuration
[2026-09-30T09:39:31.743121900] Arabic.xml moved to / se movio a configuration
[2026-09-30T09:39:31.743121900] bacteriajump1.json -> configuration
[2026-09-30T09:39:31.744120900] bacteriajump1.json moved to / se movio a configuration
[2026-09-30T09:39:31.744120900] bad_ending.json -> configuration
[2026-09-30T09:39:31.744120900] bad_ending.json moved to / se movio a configuration
[2026-09-30T09:39:31.744120900] blocks.json -> configuration
[2026-09-30T09:39:31.745121] blocks.json moved to / se movio a configuration
[2026-09-30T09:39:31.745121] boxdeath.json -> configuration
[2026-09-30T09:39:31.746358800] boxdeath.json moved to / se movio a configuration
[2026-09-30T09:39:31.746358800] Bulgarian.xml -> configuration
[2026-09-30T09:39:31.747365200] Bulgarian.xml moved to / se movio a configuration
[2026-09-30T09:39:31.747365200] burn.json -> configuration
[2026-09-30T09:39:31.747365200] burn.json moved to / se movio a configuration
[2026-09-30T09:39:31.747365200] c454998b-dc54-43ac-943a-90b30d5bf568.json -> configuration
[2026-09-30T09:39:31.747365200] c454998b-dc54-43ac-943a-90b30d5bf568.json moved to / se movio a configuration
[2026-09-30T09:39:31.747365200] cake.json -> configuration
[2026-09-30T09:39:31.747365200] cake.json moved to / se movio a configuration
[2026-09-30T09:39:31.747365200] cam_check.json -> configuration
[2026-09-30T09:39:31.747365200] cam_check.json moved to / se movio a configuration
[2026-09-30T09:39:31.747365200] chess.json -> configuration
[2026-09-30T09:39:31.751664500] chess.json moved to / se movio a configuration
[2026-09-30T09:39:31.751664500] Chinese (Simplified).xml -> configuration
[2026-09-30T09:39:31.752671300] Chinese (Simplified).xml moved to / se movio a configuration
[2026-09-30T09:39:31.753672200] Chinese (Traditional).xml -> configuration
[2026-09-30T09:39:31.753672200] Chinese (Traditional).xml moved to / se movio a configuration
[2026-09-30T09:39:31.753672200] classroot.cfg -> configuration
[2026-09-30T09:39:31.755281200] classroot.cfg moved to / se movio a configuration
[2026-09-30T09:39:31.756333300] classrootgfe.cfg -> configuration
[2026-09-30T09:39:31.757247900] classrootgfe.cfg moved to / se movio a configuration
[2026-09-30T09:39:31.757247900] clsidleftover.cfg -> configuration
[2026-09-30T09:39:31.758524] clsidleftover.cfg moved to / se movio a configuration
[2026-09-30T09:39:31.758882300] clsidleftoverGFE.cfg -> configuration
[2026-09-30T09:39:31.758882300] clsidleftoverGFE.cfg moved to / se movio a configuration
[2026-09-30T09:39:31.758882300] clsidleftoverigs.cfg -> configuration
[2026-09-30T09:39:31.758882300] clsidleftoverigs.cfg moved to / se movio a configuration
[2026-09-30T09:39:31.758882300] clsidleftoverNVB.cfg -> configuration
[2026-09-30T09:39:31.758882300] clsidleftoverNVB.cfg moved to / se movio a configuration
[2026-09-30T09:39:31.758882300] config.ini -> configuration
[2026-09-30T09:39:31.761753700] config.ini moved to / se movio a configuration
[2026-09-30T09:39:31.761753700] corpse.json -> configuration
[2026-09-30T09:39:31.761753700] corpse.json moved to / se movio a configuration
[2026-09-30T09:39:31.761753700] corpse2.json -> configuration
[2026-09-30T09:39:31.761753700] corpse2.json moved to / se movio a configuration
[2026-09-30T09:39:31.761753700] Czech.xml -> configuration
[2026-09-30T09:39:31.761753700] Czech.xml moved to / se movio a configuration
[2026-09-30T09:39:31.761753700] Danish.xml -> configuration
[2026-09-30T09:39:31.761753700] Danish.xml moved to / se movio a configuration
[2026-09-30T09:39:31.761753700] debug1.json -> configuration
[2026-09-30T09:39:31.761753700] debug1.json moved to / se movio a configuration
[2026-09-30T09:39:31.761753700] debug1_1.json -> configuration
[2026-09-30T09:39:31.761753700] debug1_1.json moved to / se movio a configuration
[2026-09-30T09:39:31.761753700] debug2.json -> configuration
[2026-09-30T09:39:31.761753700] debug2.json moved to / se movio a configuration
[2026-09-30T09:39:31.761753700] debug2_1.json -> configuration
[2026-09-30T09:39:31.761753700] debug2_1.json moved to / se movio a configuration
[2026-09-30T09:39:31.761753700] debug3.json -> configuration
[2026-09-30T09:39:31.761753700] debug3.json moved to / se movio a configuration
[2026-09-30T09:39:31.761753700] debug3_1.json -> configuration
[2026-09-30T09:39:31.769745100] debug3_1.json moved to / se movio a configuration
[2026-09-30T09:39:31.769745100] Demente-2026-09-29.ttml-project.json -> configuration
[2026-09-30T09:39:31.770757] Demente-2026-09-29.ttml-project.json moved to / se movio a configuration
[2026-09-30T09:39:31.771348800] demo.json -> configuration
[2026-09-30T09:39:31.771857600] demo.json moved to / se movio a configuration
[2026-09-30T09:39:31.771857600] desktop.ini -> configuration
[2026-09-30T09:39:31.771857600] desktop.ini moved to / se movio a configuration
[2026-09-30T09:39:31.775612700] dontmove.json -> configuration
[2026-09-30T09:39:31.775612700] dontmove.json moved to / se movio a configuration
[2026-09-30T09:39:31.776619800] dpinst.xml -> configuration
[2026-09-30T09:39:31.776619800] dpinst.xml moved to / se movio a configuration
[2026-09-30T09:39:31.776619800] driverfiles.cfg -> configuration
[2026-09-30T09:39:31.777619200] driverfiles.cfg moved to / se movio a configuration
[2026-09-30T09:39:31.777619200] driverfilesKMAFD.cfg -> configuration
[2026-09-30T09:39:31.779238900] driverfilesKMAFD.cfg moved to / se movio a configuration
[2026-09-30T09:39:31.779238900] driverfilesKMPFD.cfg -> configuration
[2026-09-30T09:39:31.779238900] driverfilesKMPFD.cfg moved to / se movio a configuration
[2026-09-30T09:39:31.780245900] drowning.json -> configuration
[2026-09-30T09:39:31.780245900] drowning.json moved to / se movio a configuration
[2026-09-30T09:39:31.780245900] Dutch.xml -> configuration
[2026-09-30T09:39:31.780245900] Dutch.xml moved to / se movio a configuration
[2026-09-30T09:39:31.781750800] eightyseven.json -> configuration
[2026-09-30T09:39:31.781750800] eightyseven.json moved to / se movio a configuration
[2026-09-30T09:39:31.783075800] empbroke.json -> configuration
[2026-09-30T09:39:31.783075800] empbroke.json moved to / se movio a configuration
[2026-09-30T09:39:31.783756500] ending1.json -> configuration
[2026-09-30T09:39:31.783756500] ending1.json moved to / se movio a configuration
[2026-09-30T09:39:31.784837] ending2.json -> configuration
[2026-09-30T09:39:31.785876700] ending2.json moved to / se movio a configuration
[2026-09-30T09:39:31.786303900] ending3.json -> configuration
[2026-09-30T09:39:31.786303900] ending3.json moved to / se movio a configuration
[2026-09-30T09:39:31.787310300] engineerkill.json -> configuration
[2026-09-30T09:39:31.787310300] engineerkill.json moved to / se movio a configuration
[2026-09-30T09:39:31.788215] English.xml -> configuration
[2026-09-30T09:39:31.789268300] English.xml moved to / se movio a configuration
[2026-09-30T09:39:31.789268300] entities.json -> configuration
[2026-09-30T09:39:31.790270100] entities.json moved to / se movio a configuration
[2026-09-30T09:39:31.790270100] exosphere.ini -> configuration
[2026-09-30T09:39:31.791811900] exosphere.ini moved to / se movio a configuration
[2026-09-30T09:39:31.791811900] favorites.conf -> configuration
[2026-09-30T09:39:31.791811900] favorites.conf moved to / se movio a configuration
[2026-09-30T09:39:31.791811900] feat1.json -> configuration
[2026-09-30T09:39:31.791811900] feat1.json moved to / se movio a configuration
[2026-09-30T09:39:31.791811900] feat10.json -> configuration
[2026-09-30T09:39:31.791811900] feat10.json moved to / se movio a configuration
[2026-09-30T09:39:31.791811900] feat11.json -> configuration
[2026-09-30T09:39:31.791811900] feat11.json moved to / se movio a configuration
[2026-09-30T09:39:31.791811900] feat12.json -> configuration
[2026-09-30T09:39:31.796219400] feat12.json moved to / se movio a configuration
[2026-09-30T09:39:31.796219400] feat13.json -> configuration
[2026-09-30T09:39:31.796219400] feat13.json moved to / se movio a configuration
[2026-09-30T09:39:31.796219400] feat14.json -> configuration
[2026-09-30T09:39:31.797725400] feat14.json moved to / se movio a configuration
[2026-09-30T09:39:31.797725400] feat15.json -> configuration
[2026-09-30T09:39:31.798731800] feat15.json moved to / se movio a configuration
[2026-09-30T09:39:31.798731800] feat16.json -> configuration
[2026-09-30T09:39:31.798731800] feat16.json moved to / se movio a configuration
[2026-09-30T09:39:31.799731200] feat2.json -> configuration
[2026-09-30T09:39:31.799731200] feat2.json moved to / se movio a configuration
[2026-09-30T09:39:31.799731200] feat3.json -> configuration
[2026-09-30T09:39:31.800731100] feat3.json moved to / se movio a configuration
[2026-09-30T09:39:31.800731100] feat4.json -> configuration
[2026-09-30T09:39:31.801732800] feat4.json moved to / se movio a configuration
[2026-09-30T09:39:31.802318600] feat5.json -> configuration
[2026-09-30T09:39:31.803150300] feat5.json moved to / se movio a configuration
[2026-09-30T09:39:31.803150300] feat6.json -> configuration
[2026-09-30T09:39:31.804703500] feat6.json moved to / se movio a configuration
[2026-09-30T09:39:31.805118900] feat7.json -> configuration
[2026-09-30T09:39:31.806158500] feat7.json moved to / se movio a configuration
[2026-09-30T09:39:31.806158500] feat8.json -> configuration
[2026-09-30T09:39:31.807158300] feat8.json moved to / se movio a configuration
[2026-09-30T09:39:31.807158300] feat9.json -> configuration
[2026-09-30T09:39:31.808159900] feat9.json moved to / se movio a configuration
[2026-09-30T09:39:31.808835200] fifteen_games.json -> configuration
[2026-09-30T09:39:31.809179700] fifteen_games.json moved to / se movio a configuration
[2026-09-30T09:39:31.809179700] fifty.json -> configuration
[2026-09-30T09:39:31.810181700] fifty.json moved to / se movio a configuration
[2026-09-30T09:39:31.810181700] fifty_games.json -> configuration
[2026-09-30T09:39:31.810181700] fifty_games.json moved to / se movio a configuration
[2026-09-30T09:39:31.810181700] Finnish.xml -> configuration
[2026-09-30T09:39:31.811686700] Finnish.xml moved to / se movio a configuration
[2026-09-30T09:39:31.811686700] first_encounter.json -> configuration
[2026-09-30T09:39:31.813196300] first_encounter.json moved to / se movio a configuration
[2026-09-30T09:39:31.813196300] first_game.json -> configuration
[2026-09-30T09:39:31.813196300] first_game.json moved to / se movio a configuration
[2026-09-30T09:39:31.813196300] five_games.json -> configuration
[2026-09-30T09:39:31.813196300] five_games.json moved to / se movio a configuration
[2026-09-30T09:39:31.813196300] flashlight.json -> configuration
[2026-09-30T09:39:31.813196300] flashlight.json moved to / se movio a configuration
[2026-09-30T09:39:31.813196300] flashlightmodel_off.json -> configuration
[2026-09-30T09:39:31.813196300] flashlightmodel_off.json moved to / se movio a configuration
[2026-09-30T09:39:31.813196300] flashlightmodel_off2.json -> configuration
[2026-09-30T09:39:31.813196300] flashlightmodel_off2.json moved to / se movio a configuration
[2026-09-30T09:39:31.813196300] flashlightmodel_on.json -> configuration
[2026-09-30T09:39:31.813196300] flashlightmodel_on.json moved to / se movio a configuration
[2026-09-30T09:39:31.819227700] flashlightmodel_on2.json -> configuration
[2026-09-30T09:39:31.820237300] flashlightmodel_on2.json moved to / se movio a configuration
[2026-09-30T09:39:31.820237300] flashlightscore1.json -> configuration
[2026-09-30T09:39:31.821745100] flashlightscore1.json moved to / se movio a configuration
[2026-09-30T09:39:31.821745100] flashlight_es.json -> configuration
[2026-09-30T09:39:31.829653300] flashlight_es.json moved to / se movio a configuration
[2026-09-30T09:39:31.831667300] French.xml -> configuration
[2026-09-30T09:39:31.833566400] French.xml moved to / se movio a configuration
[2026-09-30T09:39:31.836545400] Fresh Oil - Live-2026-09-17.ttml-project.json -> configuration
[2026-09-30T09:39:31.840183] Fresh Oil - Live-2026-09-17.ttml-project.json moved to / se movio a configuration
[2026-09-30T09:39:31.841694400] fullbacteria.json -> configuration
[2026-09-30T09:39:31.843743600] fullbacteria.json moved to / se movio a configuration
[2026-09-30T09:39:31.845758600] fullescape1.json -> configuration
[2026-09-30T09:39:31.847772200] fullescape1.json moved to / se movio a configuration
[2026-09-30T09:39:31.847772200] fullescape2.json -> configuration
[2026-09-30T09:39:31.849785200] fullescape2.json moved to / se movio a configuration
[2026-09-30T09:39:31.849785200] fullgarden.json -> configuration
[2026-09-30T09:39:31.853492200] fullgarden.json moved to / se movio a configuration
[2026-09-30T09:39:31.855541] fulllobby.json -> configuration
[2026-09-30T09:39:31.859128700] fulllobby.json moved to / se movio a configuration
[2026-09-30T09:39:31.861676800] fullmap3.json -> configuration
[2026-09-30T09:39:31.863928100] fullmap3.json moved to / se movio a configuration
[2026-09-30T09:39:31.864975] fullmonster.json -> configuration
[2026-09-30T09:39:31.864975] fullmonster.json moved to / se movio a configuration
[2026-09-30T09:39:31.864975] fullperipheral.json -> configuration
[2026-09-30T09:39:31.869142700] fullperipheral.json moved to / se movio a configuration
[2026-09-30T09:39:31.869864] fullsurvivor.json -> configuration
[2026-09-30T09:39:31.870875600] fullsurvivor.json moved to / se movio a configuration
[2026-09-30T09:39:31.871875] funnynumber.json -> configuration
[2026-09-30T09:39:31.873388100] funnynumber.json moved to / se movio a configuration
[2026-09-30T09:39:31.874389900] gambling1.json -> configuration
[2026-09-30T09:39:31.875898100] gambling1.json moved to / se movio a configuration
[2026-09-30T09:39:31.876913600] gambling2.json -> configuration
[2026-09-30T09:39:31.878912100] gambling2.json moved to / se movio a configuration
[2026-09-30T09:39:31.880878600] gambling3.json -> configuration
[2026-09-30T09:39:31.884448900] gambling3.json moved to / se movio a configuration
[2026-09-30T09:39:31.887611600] gambling4.json -> configuration
[2026-09-30T09:39:31.889612500] gambling4.json moved to / se movio a configuration
[2026-09-30T09:39:31.890546900] games.json -> configuration
[2026-09-30T09:39:31.892049500] games.json moved to / se movio a configuration
[2026-09-30T09:39:31.893572700] games2.json -> configuration
[2026-09-30T09:39:31.893572700] games2.json moved to / se movio a configuration
[2026-09-30T09:39:31.893572700] gameversion.json -> configuration
[2026-09-30T09:39:31.895580500] gameversion.json moved to / se movio a configuration
[2026-09-30T09:39:31.895580500] German.xml -> configuration
[2026-09-30T09:39:31.895580500] German.xml moved to / se movio a configuration
[2026-09-30T09:39:31.895580500] gfedriverfiles.cfg -> configuration
[2026-09-30T09:39:31.898237] gfedriverfiles.cfg moved to / se movio a configuration
[2026-09-30T09:39:31.898237] gfeservice.cfg -> configuration
[2026-09-30T09:39:31.899243300] gfeservice.cfg moved to / se movio a configuration
[2026-09-30T09:39:31.899243300] God of the Impossible - Eleven22 Worship - Topic (128k)-2026-09-17.ttml-project.json -> configuration
[2026-09-30T09:39:31.900243300] God of the Impossible - Eleven22 Worship - Topic (128k)-2026-09-17.ttml-project.json moved to / se movio a configuration
[2026-09-30T09:39:31.900243300] Greek.xml -> configuration
[2026-09-30T09:39:31.900243300] Greek.xml moved to / se movio a configuration
[2026-09-30T09:39:31.900243300] haspassenger.json -> configuration
[2026-09-30T09:39:31.901749400] haspassenger.json moved to / se movio a configuration
[2026-09-30T09:39:31.901749400] hasvehicle.json -> configuration
[2026-09-30T09:39:31.901749400] hasvehicle.json moved to / se movio a configuration
[2026-09-30T09:39:31.902754700] Hebrew.xml -> configuration
[2026-09-30T09:39:31.902754700] Hebrew.xml moved to / se movio a configuration
[2026-09-30T09:39:31.903761] hekate_ipl.ini -> configuration
[2026-09-30T09:39:31.905526] hekate_ipl.ini moved to / se movio a configuration
[2026-09-30T09:39:31.905829400] hundred_games.json -> configuration
[2026-09-30T09:39:31.906833700] hundred_games.json moved to / se movio a configuration
[2026-09-30T09:39:31.906833700] Hungarian.xml -> configuration
[2026-09-30T09:39:31.906833700] Hungarian.xml moved to / se movio a configuration
[2026-09-30T09:39:31.908342700] HWiNFO64.INI -> configuration
[2026-09-30T09:39:31.908342700] HWiNFO64.INI moved to / se movio a configuration
[2026-09-30T09:39:31.909353400] infectionsave.json -> configuration
[2026-09-30T09:39:31.909848300] infectionsave.json moved to / se movio a configuration
[2026-09-30T09:39:31.910899700] ingame.json -> configuration
[2026-09-30T09:39:31.911200900] ingame.json moved to / se movio a configuration
[2026-09-30T09:39:31.911706200] input_1.json -> configuration
[2026-09-30T09:39:31.911706200] input_1.json moved to / se movio a configuration
[2026-09-30T09:39:31.911706200] input_2.json -> configuration
[2026-09-30T09:39:31.912712600] input_2.json moved to / se movio a configuration
[2026-09-30T09:39:31.912712600] input_3.json -> configuration
[2026-09-30T09:39:31.913711500] input_3.json moved to / se movio a configuration
[2026-09-30T09:39:31.913711500] input_4.json -> configuration
[2026-09-30T09:39:31.913711500] input_4.json moved to / se movio a configuration
[2026-09-30T09:39:31.914710500] input_5.json -> configuration
[2026-09-30T09:39:31.915713700] input_5.json moved to / se movio a configuration
[2026-09-30T09:39:31.915713700] input_6.json -> configuration
[2026-09-30T09:39:31.916644600] input_6.json moved to / se movio a configuration
[2026-09-30T09:39:31.917693] input_7.json -> configuration
[2026-09-30T09:39:31.918044600] input_7.json moved to / se movio a configuration
[2026-09-30T09:39:31.918044600] interface.cfg -> configuration
[2026-09-30T09:39:31.919056200] interface.cfg moved to / se movio a configuration
[2026-09-30T09:39:31.920052400] interfaceGFE.cfg -> configuration
[2026-09-30T09:39:31.920052400] interfaceGFE.cfg moved to / se movio a configuration
[2026-09-30T09:39:31.920052400] invisibleplayer.json -> configuration
[2026-09-30T09:39:31.922165500] invisibleplayer.json moved to / se movio a configuration
[2026-09-30T09:39:31.922165500] isblind.json -> configuration
[2026-09-30T09:39:31.922165500] isblind.json moved to / se movio a configuration
[2026-09-30T09:39:31.922165500] ishungry.json -> configuration
[2026-09-30T09:39:31.922165500] ishungry.json moved to / se movio a configuration
[2026-09-30T09:39:31.922165500] isminingfatigued.json -> configuration
[2026-09-30T09:39:31.922165500] isminingfatigued.json moved to / se movio a configuration
[2026-09-30T09:39:31.926490100] isonwater.json -> configuration
[2026-09-30T09:39:31.926490100] isonwater.json moved to / se movio a configuration
[2026-09-30T09:39:31.926490100] ispoisoned.json -> configuration
[2026-09-30T09:39:31.926490100] ispoisoned.json moved to / se movio a configuration
[2026-09-30T09:39:31.926490100] Italian.xml -> configuration
[2026-09-30T09:39:31.926490100] Italian.xml moved to / se movio a configuration
[2026-09-30T09:39:31.929545900] Japanese.xml -> configuration
[2026-09-30T09:39:31.929545900] Japanese.xml moved to / se movio a configuration
[2026-09-30T09:39:31.929545900] jerry.json -> configuration
[2026-09-30T09:39:31.930553700] jerry.json moved to / se movio a configuration
[2026-09-30T09:39:31.930553700] jerry_perfect.json -> configuration
[2026-09-30T09:39:31.931552400] jerry_perfect.json moved to / se movio a configuration
[2026-09-30T09:39:31.931552400] jumpscare.json -> configuration
[2026-09-30T09:39:31.932866600] jumpscare.json moved to / se movio a configuration
[2026-09-30T09:39:31.933259900] killedbyskeleton.json -> configuration
[2026-09-30T09:39:31.934214200] killedbyskeleton.json moved to / se movio a configuration
[2026-09-30T09:39:31.934214200] Korean.xml -> configuration
[2026-09-30T09:39:31.935720800] Korean.xml moved to / se movio a configuration
[2026-09-30T09:39:31.936281900] Latvian.xml -> configuration
[2026-09-30T09:39:31.937763200] Latvian.xml moved to / se movio a configuration
[2026-09-30T09:39:31.937763200] lethaldrink.json -> configuration
[2026-09-30T09:39:31.937763200] lethaldrink.json moved to / se movio a configuration
[2026-09-30T09:39:31.937763200] level_0.json -> configuration
[2026-09-30T09:39:31.941642300] level_0.json moved to / se movio a configuration
[2026-09-30T09:39:31.941642300] level_1.json -> configuration
[2026-09-30T09:39:31.942905800] level_1.json moved to / se movio a configuration
[2026-09-30T09:39:31.942905800] level_188.json -> configuration
[2026-09-30T09:39:31.943905200] level_188.json moved to / se movio a configuration
[2026-09-30T09:39:31.943905200] level_2.json -> configuration
[2026-09-30T09:39:31.944903800] level_2.json moved to / se movio a configuration
[2026-09-30T09:39:31.944903800] level_3.json -> configuration
[2026-09-30T09:39:31.946253300] level_3.json moved to / se movio a configuration
[2026-09-30T09:39:31.946253300] level_4.json -> configuration
[2026-09-30T09:39:31.946253300] level_4.json moved to / se movio a configuration
[2026-09-30T09:39:31.946253300] level_end.json -> configuration
[2026-09-30T09:39:31.946253300] level_end.json moved to / se movio a configuration
[2026-09-30T09:39:31.946253300] level_hub.json -> configuration
[2026-09-30T09:39:31.946253300] level_hub.json moved to / se movio a configuration
[2026-09-30T09:39:31.946253300] lifeform.json -> configuration
[2026-09-30T09:39:31.951308300] lifeform.json moved to / se movio a configuration
[2026-09-30T09:39:31.951308300] light1.json -> configuration
[2026-09-30T09:39:31.952113900] light1.json moved to / se movio a configuration
[2026-09-30T09:39:31.953124] light10.json -> configuration
[2026-09-30T09:39:31.954122900] light10.json moved to / se movio a configuration
[2026-09-30T09:39:31.955135200] light11.json -> configuration
[2026-09-30T09:39:31.956650100] light11.json moved to / se movio a configuration
[2026-09-30T09:39:31.956650100] light12.json -> configuration
[2026-09-30T09:39:31.956650100] light12.json moved to / se movio a configuration
[2026-09-30T09:39:31.959147300] light13.json -> configuration
[2026-09-30T09:39:31.959147300] light13.json moved to / se movio a configuration
[2026-09-30T09:39:31.960154200] light14.json -> configuration
[2026-09-30T09:39:31.960154200] light14.json moved to / se movio a configuration
[2026-09-30T09:39:31.960154200] light15.json -> configuration
[2026-09-30T09:39:31.960154200] light15.json moved to / se movio a configuration
[2026-09-30T09:39:31.961660] light16.json -> configuration
[2026-09-30T09:39:31.961660] light16.json moved to / se movio a configuration
[2026-09-30T09:39:31.961660] light2.json -> configuration
[2026-09-30T09:39:31.962669500] light2.json moved to / se movio a configuration
[2026-09-30T09:39:31.962669500] light3.json -> configuration
[2026-09-30T09:39:31.963668800] light3.json moved to / se movio a configuration
[2026-09-30T09:39:31.963668800] light4.json -> configuration
[2026-09-30T09:39:31.965515] light4.json moved to / se movio a configuration
[2026-09-30T09:39:31.965515] light5.json -> configuration
[2026-09-30T09:39:31.966807400] light5.json moved to / se movio a configuration
[2026-09-30T09:39:31.966807400] light6.json -> configuration
[2026-09-30T09:39:31.966807400] light6.json moved to / se movio a configuration
[2026-09-30T09:39:31.967807800] light7.json -> configuration
[2026-09-30T09:39:31.967807800] light7.json moved to / se movio a configuration
[2026-09-30T09:39:31.968813300] light8.json -> configuration
[2026-09-30T09:39:31.969669100] light8.json moved to / se movio a configuration
[2026-09-30T09:39:31.969669100] light9.json -> configuration
[2026-09-30T09:39:31.971224900] light9.json moved to / se movio a configuration
[2026-09-30T09:39:31.971733600] lightout.json -> configuration
[2026-09-30T09:39:31.971733600] lightout.json moved to / se movio a configuration
[2026-09-30T09:39:31.971733600] lightout2.json -> configuration
[2026-09-30T09:39:31.974945800] lightout2.json moved to / se movio a configuration
[2026-09-30T09:39:31.974945800] light_raycast_passable.json -> configuration
[2026-09-30T09:39:31.975952600] light_raycast_passable.json moved to / se movio a configuration
[2026-09-30T09:39:31.975952600] limbler.json -> configuration
[2026-09-30T09:39:31.975952600] limbler.json moved to / se movio a configuration
[2026-09-30T09:39:31.976950600] load.json -> configuration
[2026-09-30T09:39:31.977950800] load.json moved to / se movio a configuration
[2026-09-30T09:39:31.977950800] Macedonian (Latin).xml -> configuration
[2026-09-30T09:39:31.977950800] Macedonian (Latin).xml moved to / se movio a configuration
[2026-09-30T09:39:31.978950600] main.json -> configuration
[2026-09-30T09:39:31.979950400] main.json moved to / se movio a configuration
[2026-09-30T09:39:31.979950400] mainhandblackskull.json -> configuration
[2026-09-30T09:39:31.979950400] mainhandblackskull.json moved to / se movio a configuration
[2026-09-30T09:39:31.981509300] mainhandboat.json -> configuration
[2026-09-30T09:39:31.982239100] mainhandboat.json moved to / se movio a configuration
[2026-09-30T09:39:31.982239100] mainhandbrick.json -> configuration
[2026-09-30T09:39:31.983088600] mainhandbrick.json moved to / se movio a configuration
[2026-09-30T09:39:31.983088600] mainhandcarrotonastick.json -> configuration
[2026-09-30T09:39:31.984094500] mainhandcarrotonastick.json moved to / se movio a configuration
[2026-09-30T09:39:31.984094500] mainhandchirp.json -> configuration
[2026-09-30T09:39:31.985094200] mainhandchirp.json moved to / se movio a configuration
[2026-09-30T09:39:31.985094200] mainhandclock.json -> configuration
[2026-09-30T09:39:31.986117600] mainhandclock.json moved to / se movio a configuration
[2026-09-30T09:39:31.987127300] mainhandcrimson.json -> configuration
[2026-09-30T09:39:31.988017200] mainhandcrimson.json moved to / se movio a configuration
[2026-09-30T09:39:31.988017200] mainhandendcrystal.json -> configuration
[2026-09-30T09:39:31.988017200] mainhandendcrystal.json moved to / se movio a configuration
[2026-09-30T09:39:31.988017200] mainhandfermented.json -> configuration
[2026-09-30T09:39:31.988017200] mainhandfermented.json moved to / se movio a configuration
[2026-09-30T09:39:31.991784600] mainhandfirestar.json -> configuration
[2026-09-30T09:39:31.992218300] mainhandfirestar.json moved to / se movio a configuration
[2026-09-30T09:39:31.992218300] mainhandglowframe.json -> configuration
[2026-09-30T09:39:31.993226200] mainhandglowframe.json moved to / se movio a configuration
[2026-09-30T09:39:31.993226200] mainhandglowmelon.json -> configuration
[2026-09-30T09:39:31.994224200] mainhandglowmelon.json moved to / se movio a configuration
[2026-09-30T09:39:31.994224200] mainhandladder.json -> configuration
[2026-09-30T09:39:31.995225300] mainhandladder.json moved to / se movio a configuration
[2026-09-30T09:39:31.995225300] mainhandminecart.json -> configuration
[2026-09-30T09:39:31.995225300] mainhandminecart.json moved to / se movio a configuration
[2026-09-30T09:39:31.996224100] mainhandobserver.json -> configuration
[2026-09-30T09:39:31.996947200] mainhandobserver.json moved to / se movio a configuration
[2026-09-30T09:39:31.997455200] mainhandquartz.json -> configuration
[2026-09-30T09:39:31.997455200] mainhandquartz.json moved to / se movio a configuration
[2026-09-30T09:39:31.997455200] mainhandsculk.json -> configuration
[2026-09-30T09:39:31.997455200] mainhandsculk.json moved to / se movio a configuration
[2026-09-30T09:39:31.997455200] mainhandsculkvein.json -> configuration
[2026-09-30T09:39:31.997455200] mainhandsculkvein.json moved to / se movio a configuration
[2026-09-30T09:39:31.997455200] mainhandshears.json -> configuration
[2026-09-30T09:39:31.997455200] mainhandshears.json moved to / se movio a configuration
[2026-09-30T09:39:31.997455200] mainhandspyglass.json -> configuration
[2026-09-30T09:39:31.997455200] mainhandspyglass.json moved to / se movio a configuration
[2026-09-30T09:39:32.001712100] mainhandtinted.json -> configuration
[2026-09-30T09:39:32.002538900] mainhandtinted.json moved to / se movio a configuration
[2026-09-30T09:39:32.003548300] mainhandtntcart.json -> configuration
[2026-09-30T09:39:32.003548300] mainhandtntcart.json moved to / se movio a configuration
[2026-09-30T09:39:32.005022900] mainhandtorch.json -> configuration
[2026-09-30T09:39:32.005022900] mainhandtorch.json moved to / se movio a configuration
[2026-09-30T09:39:32.006154200] mainhandultimateitem.json -> configuration
[2026-09-30T09:39:32.007618900] mainhandultimateitem.json moved to / se movio a configuration
[2026-09-30T09:39:32.008256200] mainhandwarped.json -> configuration
[2026-09-30T09:39:32.008880700] mainhandwarped.json moved to / se movio a configuration
[2026-09-30T09:39:32.008880700] mainhandwart.json -> configuration
[2026-09-30T09:39:32.009888100] mainhandwart.json moved to / se movio a configuration
[2026-09-30T09:39:32.009888100] mainhandwhitedye.json -> configuration
[2026-09-30T09:39:32.009888100] mainhandwhitedye.json moved to / se movio a configuration
[2026-09-30T09:39:32.010886900] mainhand_day.json -> configuration
[2026-09-30T09:39:32.010886900] mainhand_day.json moved to / se movio a configuration
[2026-09-30T09:39:32.011886300] mke2fs.conf -> configuration
[2026-09-30T09:39:32.011886300] mke2fs.conf moved to / se movio a configuration
[2026-09-30T09:39:32.013378] mod4_1.json -> configuration
[2026-09-30T09:39:32.014356300] mod4_1.json moved to / se movio a configuration
[2026-09-30T09:39:32.014714200] mods.json -> configuration
[2026-09-30T09:39:32.014714200] mods.json moved to / se movio a configuration
[2026-09-30T09:39:32.015719700] mod_1.json -> configuration
[2026-09-30T09:39:32.015719700] mod_1.json moved to / se movio a configuration
[2026-09-30T09:39:32.016720200] mod_1_1.json -> configuration
[2026-09-30T09:39:32.016720200] mod_1_1.json moved to / se movio a configuration
[2026-09-30T09:39:32.017720400] mod_2.json -> configuration
[2026-09-30T09:39:32.017720400] mod_2.json moved to / se movio a configuration
[2026-09-30T09:39:32.017720400] mod_3.json -> configuration
[2026-09-30T09:39:32.018721200] mod_3.json moved to / se movio a configuration
[2026-09-30T09:39:32.019629100] mod_4.json -> configuration
[2026-09-30T09:39:32.021098600] mod_4.json moved to / se movio a configuration
[2026-09-30T09:39:32.021605400] mod_4_1.json -> configuration
[2026-09-30T09:39:32.021605400] mod_4_1.json moved to / se movio a configuration
[2026-09-30T09:39:32.021605400] mod_5.json -> configuration
[2026-09-30T09:39:32.024651700] mod_5.json moved to / se movio a configuration
[2026-09-30T09:39:32.024651700] mod_6.json -> configuration
[2026-09-30T09:39:32.025659100] mod_6.json moved to / se movio a configuration
[2026-09-30T09:39:32.025659100] multiplayerstaminapotion.json -> configuration
[2026-09-30T09:39:32.026658700] multiplayerstaminapotion.json moved to / se movio a configuration
[2026-09-30T09:39:32.026658700] My One Desire-2026-09-17.ttml-project.json -> configuration
[2026-09-30T09:39:32.026658700] My One Desire-2026-09-17.ttml-project.json moved to / se movio a configuration
[2026-09-30T09:39:32.027657] noclip.json -> configuration
[2026-09-30T09:39:32.028657700] noclip.json moved to / se movio a configuration
[2026-09-30T09:39:32.028657700] nodeaths.json -> configuration
[2026-09-30T09:39:32.029453800] nodeaths.json moved to / se movio a configuration
[2026-09-30T09:39:32.029453800] nodoorescape.json -> configuration
[2026-09-30T09:39:32.029453800] nodoorescape.json moved to / se movio a configuration
[2026-09-30T09:39:32.031460] nohelp.json -> configuration
[2026-09-30T09:39:32.031460] nohelp.json moved to / se movio a configuration
[2026-09-30T09:39:32.031460] nothingonfeet.json -> configuration
[2026-09-30T09:39:32.031460] nothingonfeet.json moved to / se movio a configuration
[2026-09-30T09:39:32.031460] not_sneak.json -> configuration
[2026-09-30T09:39:32.031460] not_sneak.json moved to / se movio a configuration
[2026-09-30T09:39:32.031460] nvbdriverfiles.cfg -> configuration
[2026-09-30T09:39:32.031460] nvbdriverfiles.cfg moved to / se movio a configuration
[2026-09-30T09:39:32.035630] nvbservice.cfg -> configuration
[2026-09-30T09:39:32.036637200] nvbservice.cfg moved to / se movio a configuration
[2026-09-30T09:39:32.036637200] nyx.ini -> configuration
[2026-09-30T09:39:32.039080600] nyx.ini moved to / se movio a configuration
[2026-09-30T09:39:32.039080600] OCCT.config.json -> configuration
[2026-09-30T09:39:32.040073400] OCCT.config.json moved to / se movio a configuration
[2026-09-30T09:39:32.041195300] offhand1.json -> configuration
[2026-09-30T09:39:32.041702200] offhand1.json moved to / se movio a configuration
[2026-09-30T09:39:32.042186100] offhand10.json -> configuration
[2026-09-30T09:39:32.042813200] offhand10.json moved to / se movio a configuration
[2026-09-30T09:39:32.043821100] offhand11.json -> configuration
[2026-09-30T09:39:32.043821100] offhand11.json moved to / se movio a configuration
[2026-09-30T09:39:32.043821100] offhand12.json -> configuration
[2026-09-30T09:39:32.044819100] offhand12.json moved to / se movio a configuration
[2026-09-30T09:39:32.044819100] offhand13.json -> configuration
[2026-09-30T09:39:32.045820600] offhand13.json moved to / se movio a configuration
[2026-09-30T09:39:32.046491400] offhand14.json -> configuration
[2026-09-30T09:39:32.046491400] offhand14.json moved to / se movio a configuration
[2026-09-30T09:39:32.047496400] offhand15.json -> configuration
[2026-09-30T09:39:32.047496400] offhand15.json moved to / se movio a configuration
[2026-09-30T09:39:32.047496400] offhand16.json -> configuration
[2026-09-30T09:39:32.047496400] offhand16.json moved to / se movio a configuration
[2026-09-30T09:39:32.047496400] offhand17.json -> configuration
[2026-09-30T09:39:32.047496400] offhand17.json moved to / se movio a configuration
[2026-09-30T09:39:32.047496400] offhand18.json -> configuration
[2026-09-30T09:39:32.047496400] offhand18.json moved to / se movio a configuration
[2026-09-30T09:39:32.047496400] offhand19.json -> configuration
[2026-09-30T09:39:32.047496400] offhand19.json moved to / se movio a configuration
[2026-09-30T09:39:32.051743200] offhand2.json -> configuration
[2026-09-30T09:39:32.052737400] offhand2.json moved to / se movio a configuration
[2026-09-30T09:39:32.053747200] offhand20.json -> configuration
[2026-09-30T09:39:32.054756900] offhand20.json moved to / se movio a configuration
[2026-09-30T09:39:32.055080700] offhand21.json -> configuration
[2026-09-30T09:39:32.057082800] offhand21.json moved to / se movio a configuration
[2026-09-30T09:39:32.057684100] offhand22.json -> configuration
[2026-09-30T09:39:32.058600100] offhand22.json moved to / se movio a configuration
[2026-09-30T09:39:32.058939800] offhand23.json -> configuration
[2026-09-30T09:39:32.058939800] offhand23.json moved to / se movio a configuration
[2026-09-30T09:39:32.059947800] offhand24.json -> configuration
[2026-09-30T09:39:32.059947800] offhand24.json moved to / se movio a configuration
[2026-09-30T09:39:32.059947800] offhand25.json -> configuration
[2026-09-30T09:39:32.059947800] offhand25.json moved to / se movio a configuration
[2026-09-30T09:39:32.061452800] offhand26.json -> configuration
[2026-09-30T09:39:32.061452800] offhand26.json moved to / se movio a configuration
[2026-09-30T09:39:32.061452800] offhand27.json -> configuration
[2026-09-30T09:39:32.062867500] offhand27.json moved to / se movio a configuration
[2026-09-30T09:39:32.062867500] offhand28.json -> configuration
[2026-09-30T09:39:32.062867500] offhand28.json moved to / se movio a configuration
[2026-09-30T09:39:32.062867500] offhand29.json -> configuration
[2026-09-30T09:39:32.062867500] offhand29.json moved to / se movio a configuration
[2026-09-30T09:39:32.062867500] offhand3.json -> configuration
[2026-09-30T09:39:32.062867500] offhand3.json moved to / se movio a configuration
[2026-09-30T09:39:32.062867500] offhand30.json -> configuration
[2026-09-30T09:39:32.062867500] offhand30.json moved to / se movio a configuration
[2026-09-30T09:39:32.062867500] offhand31.json -> configuration
[2026-09-30T09:39:32.062867500] offhand31.json moved to / se movio a configuration
[2026-09-30T09:39:32.062867500] offhand32.json -> configuration
[2026-09-30T09:39:32.069632800] offhand32.json moved to / se movio a configuration
[2026-09-30T09:39:32.069632800] offhand33.json -> configuration
[2026-09-30T09:39:32.071534800] offhand33.json moved to / se movio a configuration
[2026-09-30T09:39:32.071534800] offhand34.json -> configuration
[2026-09-30T09:39:32.073597800] offhand34.json moved to / se movio a configuration
[2026-09-30T09:39:32.074599] offhand35.json -> configuration
[2026-09-30T09:39:32.075520700] offhand35.json moved to / se movio a configuration
[2026-09-30T09:39:32.076260700] offhand36.json -> configuration
[2026-09-30T09:39:32.076260700] offhand36.json moved to / se movio a configuration
[2026-09-30T09:39:32.076260700] offhand37.json -> configuration
[2026-09-30T09:39:32.077269800] offhand37.json moved to / se movio a configuration
[2026-09-30T09:39:32.077269800] offhand38.json -> configuration
[2026-09-30T09:39:32.078266800] offhand38.json moved to / se movio a configuration
[2026-09-30T09:39:32.078266800] offhand39.json -> configuration
[2026-09-30T09:39:32.078266800] offhand39.json moved to / se movio a configuration
[2026-09-30T09:39:32.079267400] offhand4.json -> configuration
[2026-09-30T09:39:32.079788100] offhand4.json moved to / se movio a configuration
[2026-09-30T09:39:32.079788100] offhand40.json -> configuration
[2026-09-30T09:39:32.079788100] offhand40.json moved to / se movio a configuration
[2026-09-30T09:39:32.081796] offhand41.json -> configuration
[2026-09-30T09:39:32.081796] offhand41.json moved to / se movio a configuration
[2026-09-30T09:39:32.083225800] offhand42.json -> configuration
[2026-09-30T09:39:32.083225800] offhand42.json moved to / se movio a configuration
[2026-09-30T09:39:32.083225800] offhand43.json -> configuration
[2026-09-30T09:39:32.085578100] offhand43.json moved to / se movio a configuration
[2026-09-30T09:39:32.086584600] offhand44.json -> configuration
[2026-09-30T09:39:32.086584600] offhand44.json moved to / se movio a configuration
[2026-09-30T09:39:32.088030600] offhand45.json -> configuration
[2026-09-30T09:39:32.089173700] offhand45.json moved to / se movio a configuration
[2026-09-30T09:39:32.090170600] offhand46.json -> configuration
[2026-09-30T09:39:32.091425100] offhand46.json moved to / se movio a configuration
[2026-09-30T09:39:32.091734900] offhand47.json -> configuration
[2026-09-30T09:39:32.092038800] offhand47.json moved to / se movio a configuration
[2026-09-30T09:39:32.092038800] offhand48.json -> configuration
[2026-09-30T09:39:32.093045400] offhand48.json moved to / se movio a configuration
[2026-09-30T09:39:32.094044900] offhand49.json -> configuration
[2026-09-30T09:39:32.094044900] offhand49.json moved to / se movio a configuration
[2026-09-30T09:39:32.094044900] offhand5.json -> configuration
[2026-09-30T09:39:32.095044900] offhand5.json moved to / se movio a configuration
[2026-09-30T09:39:32.095044900] offhand50.json -> configuration
[2026-09-30T09:39:32.096044400] offhand50.json moved to / se movio a configuration
[2026-09-30T09:39:32.097203500] offhand51.json -> configuration
[2026-09-30T09:39:32.097712600] offhand51.json moved to / se movio a configuration
[2026-09-30T09:39:32.098287700] offhand52.json -> configuration
[2026-09-30T09:39:32.098609500] offhand52.json moved to / se movio a configuration
[2026-09-30T09:39:32.098609500] offhand53.json -> configuration
[2026-09-30T09:39:32.099617400] offhand53.json moved to / se movio a configuration
[2026-09-30T09:39:32.099617400] offhand54.json -> configuration
[2026-09-30T09:39:32.100615100] offhand54.json moved to / se movio a configuration
[2026-09-30T09:39:32.100615100] offhand6.json -> configuration
[2026-09-30T09:39:32.101615900] offhand6.json moved to / se movio a configuration
[2026-09-30T09:39:32.102276] offhand7.json -> configuration
[2026-09-30T09:39:32.103284] offhand7.json moved to / se movio a configuration
[2026-09-30T09:39:32.103284] offhand8.json -> configuration
[2026-09-30T09:39:32.104287500] offhand8.json moved to / se movio a configuration
[2026-09-30T09:39:32.104287500] offhand9.json -> configuration
[2026-09-30T09:39:32.104287500] offhand9.json moved to / se movio a configuration
[2026-09-30T09:39:32.104287500] offhandclock.json -> configuration
[2026-09-30T09:39:32.108163300] offhandclock.json moved to / se movio a configuration
[2026-09-30T09:39:32.108163300] offhandeggall.json -> configuration
[2026-09-30T09:39:32.109171100] offhandeggall.json moved to / se movio a configuration
[2026-09-30T09:39:32.109171100] offhandshears.json -> configuration
[2026-09-30T09:39:32.110169900] offhandshears.json moved to / se movio a configuration
[2026-09-30T09:39:32.110169900] offhandtorch.json -> configuration
[2026-09-30T09:39:32.110169900] offhandtorch.json moved to / se movio a configuration
[2026-09-30T09:39:32.111674100] offhandultimateitem.json -> configuration
[2026-09-30T09:39:32.112680] offhandultimateitem.json moved to / se movio a configuration
[2026-09-30T09:39:32.113495900] on_load.json -> configuration
[2026-09-30T09:39:32.114493200] on_load.json moved to / se movio a configuration
[2026-09-30T09:39:32.115349700] on_tick.json -> configuration
[2026-09-30T09:39:32.115349700] on_tick.json moved to / se movio a configuration
[2026-09-30T09:39:32.115349700] opengate.json -> configuration
[2026-09-30T09:39:32.116355600] opengate.json moved to / se movio a configuration
[2026-09-30T09:39:32.116355600] overdose.json -> configuration
[2026-09-30T09:39:32.117356800] overdose.json moved to / se movio a configuration
[2026-09-30T09:39:32.117356800] overkillpill.json -> configuration
[2026-09-30T09:39:32.117356800] overkillpill.json moved to / se movio a configuration
[2026-09-30T09:39:32.118355600] override_config.ini -> configuration
[2026-09-30T09:39:32.119539400] override_config.ini moved to / se movio a configuration
[2026-09-30T09:39:32.120547900] packages.cfg -> configuration
[2026-09-30T09:39:32.121320300] packages.cfg moved to / se movio a configuration
[2026-09-30T09:39:32.121826600] packagesendurance.cfg -> configuration
[2026-09-30T09:39:32.121826600] packagesendurance.cfg moved to / se movio a configuration
[2026-09-30T09:39:32.121826600] packagesigs.cfg -> configuration
[2026-09-30T09:39:32.125045] packagesigs.cfg moved to / se movio a configuration
[2026-09-30T09:39:32.125045] packagesnpu.cfg -> configuration
[2026-09-30T09:39:32.126052200] packagesnpu.cfg moved to / se movio a configuration
[2026-09-30T09:39:32.126052200] packagesoneapi.cfg -> configuration
[2026-09-30T09:39:32.127052] packagesoneapi.cfg moved to / se movio a configuration
[2026-09-30T09:39:32.127052] patch_states.ini -> configuration
[2026-09-30T09:39:32.127052] patch_states.ini moved to / se movio a configuration
[2026-09-30T09:39:32.128053200] peripheral_pair.json -> configuration
[2026-09-30T09:39:32.128053200] peripheral_pair.json moved to / se movio a configuration
[2026-09-30T09:39:32.129051100] Persian.xml -> configuration
[2026-09-30T09:39:32.129051100] Persian.xml moved to / se movio a configuration
[2026-09-30T09:39:32.129051100] pillssave.json -> configuration
[2026-09-30T09:39:32.130053] pillssave.json moved to / se movio a configuration
[2026-09-30T09:39:32.131168100] pitfalls.json -> configuration
[2026-09-30T09:39:32.131675100] pitfalls.json moved to / se movio a configuration
[2026-09-30T09:39:32.131675100] Polish.xml -> configuration
[2026-09-30T09:39:32.132681] Polish.xml moved to / se movio a configuration
[2026-09-30T09:39:32.132681] Portuguese.xml -> configuration
[2026-09-30T09:39:32.132681] Portuguese.xml moved to / se movio a configuration
[2026-09-30T09:39:32.133681100] PortugueseBrazil.xml -> configuration
[2026-09-30T09:39:32.133681100] PortugueseBrazil.xml moved to / se movio a configuration
[2026-09-30T09:39:32.134682100] pve.json -> configuration
[2026-09-30T09:39:32.134682100] pve.json moved to / se movio a configuration
[2026-09-30T09:39:32.134682100] pvp.json -> configuration
[2026-09-30T09:39:32.136255900] pvp.json moved to / se movio a configuration
[2026-09-30T09:39:32.137263] radioactive.json -> configuration
[2026-09-30T09:39:32.138589500] radioactive.json moved to / se movio a configuration
[2026-09-30T09:39:32.139707400] rng1.json -> configuration
[2026-09-30T09:39:32.140706] rng1.json moved to / se movio a configuration
[2026-09-30T09:39:32.140706] rng2.json -> configuration
[2026-09-30T09:39:32.142050900] rng2.json moved to / se movio a configuration
[2026-09-30T09:39:32.142050900] rng3.json -> configuration
[2026-09-30T09:39:32.143058600] rng3.json moved to / se movio a configuration
[2026-09-30T09:39:32.143058600] rng4.json -> configuration
[2026-09-30T09:39:32.143058600] rng4.json moved to / se movio a configuration
[2026-09-30T09:39:32.143058600] rng5.json -> configuration
[2026-09-30T09:39:32.143058600] rng5.json moved to / se movio a configuration
[2026-09-30T09:39:32.143058600] rng6.json -> configuration
[2026-09-30T09:39:32.143058600] rng6.json moved to / se movio a configuration
[2026-09-30T09:39:32.147471600] root.json -> configuration
[2026-09-30T09:39:32.147471600] root.json moved to / se movio a configuration
[2026-09-30T09:39:32.148478300] root2.json -> configuration
[2026-09-30T09:39:32.148478300] root2.json moved to / se movio a configuration
[2026-09-30T09:39:32.149477200] root3.json -> configuration
[2026-09-30T09:39:32.149477200] root3.json moved to / se movio a configuration
[2026-09-30T09:39:32.149477200] root4.json -> configuration
[2026-09-30T09:39:32.150478500] root4.json moved to / se movio a configuration
[2026-09-30T09:39:32.151478600] rtxaud.cfg -> configuration
[2026-09-30T09:39:32.151478600] rtxaud.cfg moved to / se movio a configuration
[2026-09-30T09:39:32.152603300] rushgenerators.json -> configuration
[2026-09-30T09:39:32.153918700] rushgenerators.json moved to / se movio a configuration
[2026-09-30T09:39:32.154924] rushgenerators2.json -> configuration
[2026-09-30T09:39:32.154924] rushgenerators2.json moved to / se movio a configuration
[2026-09-30T09:39:32.157757300] rushgenerators3.json -> configuration
[2026-09-30T09:39:32.159125700] rushgenerators3.json moved to / se movio a configuration
[2026-09-30T09:39:32.159125700] Russian.xml -> configuration
[2026-09-30T09:39:32.160133400] Russian.xml moved to / se movio a configuration
[2026-09-30T09:39:32.160133400] samespot.json -> configuration
[2026-09-30T09:39:32.160133400] samespot.json moved to / se movio a configuration
[2026-09-30T09:39:32.160133400] samevalue.json -> configuration
[2026-09-30T09:39:32.161640300] samevalue.json moved to / se movio a configuration
[2026-09-30T09:39:32.161640300] sandboxpet.json -> configuration
[2026-09-30T09:39:32.163155400] sandboxpet.json moved to / se movio a configuration
[2026-09-30T09:39:32.163155400] scorch.json -> configuration
[2026-09-30T09:39:32.164551500] scorch.json moved to / se movio a configuration
[2026-09-30T09:39:32.164551500] secret1.json -> configuration
[2026-09-30T09:39:32.165557700] secret1.json moved to / se movio a configuration
[2026-09-30T09:39:32.165557700] secret2.json -> configuration
[2026-09-30T09:39:32.165557700] secret2.json moved to / se movio a configuration
[2026-09-30T09:39:32.166565300] secret3.json -> configuration
[2026-09-30T09:39:32.166565300] secret3.json moved to / se movio a configuration
[2026-09-30T09:39:32.167565] secret4.json -> configuration
[2026-09-30T09:39:32.167565] secret4.json moved to / se movio a configuration
[2026-09-30T09:39:32.167565] secret5.json -> configuration
[2026-09-30T09:39:32.168565400] secret5.json moved to / se movio a configuration
[2026-09-30T09:39:32.169513300] secret6.json -> configuration
[2026-09-30T09:39:32.170521900] secret6.json moved to / se movio a configuration
[2026-09-30T09:39:32.171265900] secretroot.json -> configuration
[2026-09-30T09:39:32.171774700] secretroot.json moved to / se movio a configuration
[2026-09-30T09:39:32.171774700] secretroot2.json -> configuration
[2026-09-30T09:39:32.174930600] secretroot2.json moved to / se movio a configuration
[2026-09-30T09:39:32.174930600] see2periphs.json -> configuration
[2026-09-30T09:39:32.175937200] see2periphs.json moved to / se movio a configuration
[2026-09-30T09:39:32.175937200] Serbian (Cyrilic).xml -> configuration
[2026-09-30T09:39:32.175937200] Serbian (Cyrilic).xml moved to / se movio a configuration
[2026-09-30T09:39:32.176936900] Serbian (Latin).xml -> configuration
[2026-09-30T09:39:32.177947800] Serbian (Latin).xml moved to / se movio a configuration
[2026-09-30T09:39:32.177947800] services.cfg -> configuration
[2026-09-30T09:39:32.178936100] services.cfg moved to / se movio a configuration
[2026-09-30T09:39:32.178936100] servicesaudio.cfg -> configuration
[2026-09-30T09:39:32.179937200] servicesaudio.cfg moved to / se movio a configuration
[2026-09-30T09:39:32.181176] servicesigs.cfg -> configuration
[2026-09-30T09:39:32.181682800] servicesigs.cfg moved to / se movio a configuration
[2026-09-30T09:39:32.181682800] Settings.xml -> configuration
[2026-09-30T09:39:32.182723900] Settings.xml moved to / se movio a configuration
[2026-09-30T09:39:32.183724500] shareddriverfiles.cfg -> configuration
[2026-09-30T09:39:32.183724500] shareddriverfiles.cfg moved to / se movio a configuration
[2026-09-30T09:39:32.183724500] Slovak.xml -> configuration
[2026-09-30T09:39:32.184724200] Slovak.xml moved to / se movio a configuration
[2026-09-30T09:39:32.184724200] Slovenian.xml -> configuration
[2026-09-30T09:39:32.186220500] Slovenian.xml moved to / se movio a configuration
[2026-09-30T09:39:32.186220500] smellall.json -> configuration
[2026-09-30T09:39:32.188230] smellall.json moved to / se movio a configuration
[2026-09-30T09:39:32.188766] smiler_sameid.json -> configuration
[2026-09-30T09:39:32.191430500] smiler_sameid.json moved to / se movio a configuration
[2026-09-30T09:39:32.192453400] sneak.json -> configuration
[2026-09-30T09:39:32.192766200] sneak.json moved to / se movio a configuration
[2026-09-30T09:39:32.192766200] soclose1.json -> configuration
[2026-09-30T09:39:32.192766200] soclose1.json moved to / se movio a configuration
[2026-09-30T09:39:32.192766200] source.properties -> configuration
[2026-09-30T09:39:32.192766200] source.properties moved to / se movio a configuration
[2026-09-30T09:39:32.192766200] Spanish (Spain).xml -> configuration
[2026-09-30T09:39:32.192766200] Spanish (Spain).xml moved to / se movio a configuration
[2026-09-30T09:39:32.192766200] Spanish.xml -> configuration
[2026-09-30T09:39:32.197872400] Spanish.xml moved to / se movio a configuration
[2026-09-30T09:39:32.198567300] SpanishRevisedRVR1960Bible.xml -> configuration
[2026-09-30T09:39:32.199579900] SpanishRevisedRVR1960Bible.xml moved to / se movio a configuration
[2026-09-30T09:39:32.199579900] speedrun.json -> configuration
[2026-09-30T09:39:32.199579900] speedrun.json moved to / se movio a configuration
[2026-09-30T09:39:32.200576600] speedrun2.json -> configuration
[2026-09-30T09:39:32.200576600] speedrun2.json moved to / se movio a configuration
[2026-09-30T09:39:32.201584800] static.yml -> configuration
[2026-09-30T09:39:32.201584800] static.yml moved to / se movio a configuration
[2026-09-30T09:39:32.202714500] stratosphere.ini -> configuration
[2026-09-30T09:39:32.203714700] stratosphere.ini moved to / se movio a configuration
[2026-09-30T09:39:32.205070] Swedish.xml -> configuration
[2026-09-30T09:39:32.206694200] Swedish.xml moved to / se movio a configuration
[2026-09-30T09:39:32.207729] switch_pieces.json -> configuration
[2026-09-30T09:39:32.208703100] switch_pieces.json moved to / se movio a configuration
[2026-09-30T09:39:32.208703100] system_settings.ini -> configuration
[2026-09-30T09:39:32.209702800] system_settings.ini moved to / se movio a configuration
[2026-09-30T09:39:32.209702800] tagflashlightoff1.json -> configuration
[2026-09-30T09:39:32.209702800] tagflashlightoff1.json moved to / se movio a configuration
[2026-09-30T09:39:32.210702500] tagflashlightoff2.json -> configuration
[2026-09-30T09:39:32.211395100] tagflashlightoff2.json moved to / se movio a configuration
[2026-09-30T09:39:32.211395100] tagflashlighton1.json -> configuration
[2026-09-30T09:39:32.211395100] tagflashlighton1.json moved to / se movio a configuration
[2026-09-30T09:39:32.211395100] tagflashlighton2.json -> configuration
[2026-09-30T09:39:32.211395100] tagflashlighton2.json moved to / se movio a configuration
[2026-09-30T09:39:32.211395100] taserall.json -> configuration
[2026-09-30T09:39:32.211395100] taserall.json moved to / se movio a configuration
[2026-09-30T09:39:32.211395100] taskroot.json -> configuration
[2026-09-30T09:39:32.211395100] taskroot.json moved to / se movio a configuration
[2026-09-30T09:39:32.211395100] task_1.json -> configuration
[2026-09-30T09:39:32.211395100] task_1.json moved to / se movio a configuration
[2026-09-30T09:39:32.218235700] task_10.json -> configuration
[2026-09-30T09:39:32.218235700] task_10.json moved to / se movio a configuration
[2026-09-30T09:39:32.219247600] task_11.json -> configuration
[2026-09-30T09:39:32.220251400] task_11.json moved to / se movio a configuration
[2026-09-30T09:39:32.220251400] task_11_2.json -> configuration
[2026-09-30T09:39:32.222611500] task_11_2.json moved to / se movio a configuration
[2026-09-30T09:39:32.223626] task_12.json -> configuration
[2026-09-30T09:39:32.225228800] task_12.json moved to / se movio a configuration
[2026-09-30T09:39:32.225228800] task_2.json -> configuration
[2026-09-30T09:39:32.226242900] task_2.json moved to / se movio a configuration
[2026-09-30T09:39:32.226242900] task_3.json -> configuration
[2026-09-30T09:39:32.227241500] task_3.json moved to / se movio a configuration
[2026-09-30T09:39:32.227241500] task_3_1.json -> configuration
[2026-09-30T09:39:32.228241800] task_3_1.json moved to / se movio a configuration
[2026-09-30T09:39:32.228241800] task_4.json -> configuration
[2026-09-30T09:39:32.229532200] task_4.json moved to / se movio a configuration
[2026-09-30T09:39:32.229532200] task_5.json -> configuration
[2026-09-30T09:39:32.230546300] task_5.json moved to / se movio a configuration
[2026-09-30T09:39:32.230546300] task_5_1.json -> configuration
[2026-09-30T09:39:32.231546800] task_5_1.json moved to / se movio a configuration
[2026-09-30T09:39:32.231546800] task_6.json -> configuration
[2026-09-30T09:39:32.233363600] task_6.json moved to / se movio a configuration
[2026-09-30T09:39:32.233363600] task_7.json -> configuration
[2026-09-30T09:39:32.234946300] task_7.json moved to / se movio a configuration
[2026-09-30T09:39:32.235453500] task_7_2.json -> configuration
[2026-09-30T09:39:32.235453500] task_7_2.json moved to / se movio a configuration
[2026-09-30T09:39:32.236463600] task_8.json -> configuration
[2026-09-30T09:39:32.239398100] task_8.json moved to / se movio a configuration
[2026-09-30T09:39:32.240285900] task_9.json -> configuration
[2026-09-30T09:39:32.241124600] task_9.json moved to / se movio a configuration
[2026-09-30T09:39:32.241775400] ten_games.json -> configuration
[2026-09-30T09:39:32.242787200] ten_games.json moved to / se movio a configuration
[2026-09-30T09:39:32.242787200] Thai.xml -> configuration
[2026-09-30T09:39:32.243785500] Thai.xml moved to / se movio a configuration
[2026-09-30T09:39:32.243785500] the_real_end.json -> configuration
[2026-09-30T09:39:32.244783400] the_real_end.json moved to / se movio a configuration
[2026-09-30T09:39:32.244783400] this_id.json -> configuration
[2026-09-30T09:39:32.244783400] this_id.json moved to / se movio a configuration
[2026-09-30T09:39:32.245784500] tick.json -> configuration
[2026-09-30T09:39:32.246748200] tick.json moved to / se movio a configuration
[2026-09-30T09:39:32.247343400] timerecord.json -> configuration
[2026-09-30T09:39:32.247343400] timerecord.json moved to / se movio a configuration
[2026-09-30T09:39:32.248348900] toolbox.json -> configuration
[2026-09-30T09:39:32.248348900] toolbox.json moved to / se movio a configuration
[2026-09-30T09:39:32.248348900] torment.json -> configuration
[2026-09-30T09:39:32.249350400] torment.json moved to / se movio a configuration
[2026-09-30T09:39:32.249350400] tripod_dark.json -> configuration
[2026-09-30T09:39:32.250349700] tripod_dark.json moved to / se movio a configuration
[2026-09-30T09:39:32.250349700] tripod_kill.json -> configuration
[2026-09-30T09:39:32.251463400] tripod_kill.json moved to / se movio a configuration
[2026-09-30T09:39:32.251463400] tripod_wakeup.json -> configuration
[2026-09-30T09:39:32.252831] tripod_wakeup.json moved to / se movio a configuration
[2026-09-30T09:39:32.253842200] Turkish.xml -> configuration
[2026-09-30T09:39:32.254385200] Turkish.xml moved to / se movio a configuration
[2026-09-30T09:39:32.254385200] tv.json -> configuration
[2026-09-30T09:39:32.254385200] tv.json moved to / se movio a configuration
[2026-09-30T09:39:32.254385200] twenty_games.json -> configuration
[2026-09-30T09:39:32.257749800] twenty_games.json moved to / se movio a configuration
[2026-09-30T09:39:32.257749800] uberhacker.json -> configuration
[2026-09-30T09:39:32.258758200] uberhacker.json moved to / se movio a configuration
[2026-09-30T09:39:32.258758200] Ukrainian.xml -> configuration
[2026-09-30T09:39:32.259795100] Ukrainian.xml moved to / se movio a configuration
[2026-09-30T09:39:32.259795100] ums_boot0.ini -> configuration
[2026-09-30T09:39:32.260757200] ums_boot0.ini moved to / se movio a configuration
[2026-09-30T09:39:32.260757200] ums_boot1.ini -> configuration
[2026-09-30T09:39:32.262101200] ums_boot1.ini moved to / se movio a configuration
[2026-09-30T09:39:32.262667200] ums_emmc.ini -> configuration
[2026-09-30T09:39:32.262667200] ums_emmc.ini moved to / se movio a configuration
[2026-09-30T09:39:32.263675700] ums_sd.ini -> configuration
[2026-09-30T09:39:32.263675700] ums_sd.ini moved to / se movio a configuration
[2026-09-30T09:39:32.263675700] unknown.json -> configuration
[2026-09-30T09:39:32.263675700] unknown.json moved to / se movio a configuration
[2026-09-30T09:39:32.265716400] vhscomplete.json -> configuration
[2026-09-30T09:39:32.265716400] vhscomplete.json moved to / se movio a configuration
[2026-09-30T09:39:32.265716400] vhs_hazmatoff.json -> configuration
[2026-09-30T09:39:32.265716400] vhs_hazmatoff.json moved to / se movio a configuration
[2026-09-30T09:39:32.265716400] vhs_hazmaton.json -> configuration
[2026-09-30T09:39:32.268419800] vhs_hazmaton.json moved to / se movio a configuration
[2026-09-30T09:39:32.268726600] Vietnamese.xml -> configuration
[2026-09-30T09:39:32.269241800] Vietnamese.xml moved to / se movio a configuration
[2026-09-30T09:39:32.270254600] water_or_light.json -> configuration
[2026-09-30T09:39:32.271938700] water_or_light.json moved to / se movio a configuration
[2026-09-30T09:39:32.271938700] wearingboots1.json -> configuration
[2026-09-30T09:39:32.273973800] wearingboots1.json moved to / se movio a configuration
[2026-09-30T09:39:32.273973800] wearingboots2.json -> configuration
[2026-09-30T09:39:32.278376500] wearingboots2.json moved to / se movio a configuration
[2026-09-30T09:39:32.279379500] Demente.ttml -> unknown
[2026-09-30T09:39:32.279379500] Skipped unknown file. / Archivo desconocido omitido: Demente.ttml
[2026-09-30T09:39:32.279379500] Conversor.cs.csh -> design
[2026-09-30T09:39:32.279379500] Conversor.cs.csh moved to / se movio a design
[2026-09-30T09:39:32.281387800] .gitignore -> development
[2026-09-30T09:39:32.281387800] .gitignore moved to / se movio a development
[2026-09-30T09:39:32.281387800] boot.img -> disk_images
[2026-09-30T09:39:32.283203400] boot.img moved to / se movio a disk_images
[2026-09-30T09:39:32.283203400] dtbo.img -> disk_images
[2026-09-30T09:39:32.283203400] dtbo.img moved to / se movio a disk_images
[2026-09-30T09:39:32.285216] linuxmint-22.3-cinnamon-64bit.iso -> disk_images
[2026-09-30T09:39:32.285216] linuxmint-22.3-cinnamon-64bit.iso moved to / se movio a disk_images
[2026-09-30T09:39:32.286228200] recovery.img -> disk_images
[2026-09-30T09:39:32.287226100] recovery.img moved to / se movio a disk_images
[2026-09-30T09:39:32.287920300] super_empty.img -> disk_images
[2026-09-30T09:39:32.287920300] super_empty.img moved to / se movio a disk_images
[2026-09-30T09:39:32.288986600] ums_emmc.scr.img -> disk_images
[2026-09-30T09:39:32.290445400] ums_emmc.scr.img moved to / se movio a disk_images
[2026-09-30T09:39:32.291121700] ums_emmc_boot0.scr.img -> disk_images
[2026-09-30T09:39:32.291829100] ums_emmc_boot0.scr.img moved to / se movio a disk_images
[2026-09-30T09:39:32.291829100] ums_emmc_boot1.scr.img -> disk_images
[2026-09-30T09:39:32.292836800] ums_emmc_boot1.scr.img moved to / se movio a disk_images
[2026-09-30T09:39:32.292836800] ums_sd.scr.img -> disk_images
[2026-09-30T09:39:32.293841800] ums_sd.scr.img moved to / se movio a disk_images
[2026-09-30T09:39:32.293841800] vbmeta.img -> disk_images
[2026-09-30T09:39:32.293841800] vbmeta.img moved to / se movio a disk_images
[2026-09-30T09:39:32.294839200] vendor_boot.img -> disk_images
[2026-09-30T09:39:32.294839200] vendor_boot.img moved to / se movio a disk_images
[2026-09-30T09:39:32.295837] Ventura_13.0.1.iso -> disk_images
[2026-09-30T09:39:32.296890800] Ventura_13.0.1.iso moved to / se movio a disk_images
[2026-09-30T09:39:32.297492800] 2_004-Algoritmos_Ordenamiento.pdf -> documents
[2026-09-30T09:39:32.298003100] 2_004-Algoritmos_Ordenamiento.pdf moved to / se movio a documents
[2026-09-30T09:39:32.298003100] 30 miniproyects challange.md -> documents
[2026-09-30T09:39:32.299013400] 30 miniproyects challange.md moved to / se movio a documents
[2026-09-30T09:39:32.299013400] accessible-urls.txt -> documents
[2026-09-30T09:39:32.300014] accessible-urls.txt moved to / se movio a documents
[2026-09-30T09:39:32.300014] Actividad No. 4 - Estado de Resultado..docx -> documents
[2026-09-30T09:39:32.301475300] Actividad No. 4 - Estado de Resultado..docx moved to / se movio a documents
[2026-09-30T09:39:32.301475300] Algoritmo de Banco.md -> documents
[2026-09-30T09:39:32.301475300] Algoritmo de Banco.md moved to / se movio a documents
[2026-09-30T09:39:32.302484200] API Lyrics Extraction.md -> documents
[2026-09-30T09:39:32.303740700] API Lyrics Extraction.md moved to / se movio a documents
[2026-09-30T09:39:32.303740700] Available_Sleepstates.txt -> documents
[2026-09-30T09:39:32.304601400] Available_Sleepstates.txt moved to / se movio a documents
[2026-09-30T09:39:32.304601400] BCD.txt -> documents
[2026-09-30T09:39:32.304601400] BCD.txt moved to / se movio a documents
[2026-09-30T09:39:32.307412100] BIOS_Settings.txt -> documents
[2026-09-30T09:39:32.307412100] BIOS_Settings.txt moved to / se movio a documents
[2026-09-30T09:39:32.308418700] Bitlocker_PCRs.txt -> documents
[2026-09-30T09:39:32.308418700] Bitlocker_PCRs.txt moved to / se movio a documents
[2026-09-30T09:39:32.309417500] Bitlocker_Status.txt -> documents
[2026-09-30T09:39:32.309417500] Bitlocker_Status.txt moved to / se movio a documents
[2026-09-30T09:39:32.309417500] Broadband_Adapter.txt -> documents
[2026-09-30T09:39:32.310419300] Broadband_Adapter.txt moved to / se movio a documents
[2026-09-30T09:39:32.310419300] canva-design (1).pdf -> documents
[2026-09-30T09:39:32.311418300] canva-design (1).pdf moved to / se movio a documents
[2026-09-30T09:39:32.311418300] canva-design (2).pdf -> documents
[2026-09-30T09:39:32.312145100] canva-design (2).pdf moved to / se movio a documents
[2026-09-30T09:39:32.312145100] canva-design (3).pdf -> documents
[2026-09-30T09:39:32.312145100] canva-design (3).pdf moved to / se movio a documents
[2026-09-30T09:39:32.312145100] canva-design (4).pdf -> documents
[2026-09-30T09:39:32.312145100] canva-design (4).pdf moved to / se movio a documents
[2026-09-30T09:39:32.312145100] canva-design.pdf -> documents
[2026-09-30T09:39:32.312145100] canva-design.pdf moved to / se movio a documents
[2026-09-30T09:39:32.312145100] Color palette.md -> documents
[2026-09-30T09:39:32.312145100] Color palette.md moved to / se movio a documents
[2026-09-30T09:39:32.312145100] Current_Wired_Network_Interfaces.txt -> documents
[2026-09-30T09:39:32.317837700] Current_Wired_Network_Interfaces.txt moved to / se movio a documents
[2026-09-30T09:39:32.317837700] Cálculo, trascendentes tempranas by Dennis Zill, Warren Wright (z-lib.org) (1)_compressed_compressed.pdf -> documents
[2026-09-30T09:39:32.318844200] Cálculo, trascendentes tempranas by Dennis Zill, Warren Wright (z-lib.org) (1)_compressed_compressed.pdf moved to / se movio a documents
[2026-09-30T09:39:32.318844200] Códigos UNI_CrackPass.md -> documents
[2026-09-30T09:39:32.319844600] Códigos UNI_CrackPass.md moved to / se movio a documents
[2026-09-30T09:39:32.320846200] DCU_Registry_Info.txt -> documents
[2026-09-30T09:39:32.321901700] DCU_Registry_Info.txt moved to / se movio a documents
[2026-09-30T09:39:32.322908200] Dell_Audit_Telemetry_Logs_not_found.txt -> documents
[2026-09-30T09:39:32.323837800] Dell_Audit_Telemetry_Logs_not_found.txt moved to / se movio a documents
[2026-09-30T09:39:32.324586200] Dell_Command_Update.txt -> documents
[2026-09-30T09:39:32.325132200] Dell_Command_Update.txt moved to / se movio a documents
[2026-09-30T09:39:32.325132200] Dell_CoreServices_Client_logs_not_found.txt -> documents
[2026-09-30T09:39:32.326138900] Dell_CoreServices_Client_logs_not_found.txt moved to / se movio a documents
[2026-09-30T09:39:32.326138900] Dell_Data_Migrate_Destination_not_found.txt -> documents
[2026-09-30T09:39:32.327138600] Dell_Data_Migrate_Destination_not_found.txt moved to / se movio a documents
[2026-09-30T09:39:32.327138600] Dell_Data_Migrate_Source_not_found.txt -> documents
[2026-09-30T09:39:32.327138600] Dell_Data_Migrate_Source_not_found.txt moved to / se movio a documents
[2026-09-30T09:39:32.328138300] Dell_DCDM_logs_not_found.txt -> documents
[2026-09-30T09:39:32.328138300] Dell_DCDM_logs_not_found.txt moved to / se movio a documents
[2026-09-30T09:39:32.328138300] Dell_DDPM_logs_not_found.txt -> documents
[2026-09-30T09:39:32.329141200] Dell_DDPM_logs_not_found.txt moved to / se movio a documents
[2026-09-30T09:39:32.329141200] Dell_Digital_Delivery_Destination_not_found.txt -> documents
[2026-09-30T09:39:32.329141200] Dell_Digital_Delivery_Destination_not_found.txt moved to / se movio a documents
[2026-09-30T09:39:32.329141200] Dell_InvCol_logs_not_found.txt -> documents
[2026-09-30T09:39:32.331738400] Dell_InvCol_logs_not_found.txt moved to / se movio a documents
[2026-09-30T09:39:32.331738400] Dell_Optimizer_not_found.txt -> documents
[2026-09-30T09:39:32.331738400] Dell_Optimizer_not_found.txt moved to / se movio a documents
[2026-09-30T09:39:32.331738400] Dell_SDR_not_found.txt -> documents
[2026-09-30T09:39:32.334673300] Dell_SDR_not_found.txt moved to / se movio a documents
[2026-09-30T09:39:32.334673300] Dell_SW_Policy.txt -> documents
[2026-09-30T09:39:32.335864800] Dell_SW_Policy.txt moved to / se movio a documents
[2026-09-30T09:39:32.335864800] Dell_TechHub_logs_not_found.txt -> documents
[2026-09-30T09:39:32.336865900] Dell_TechHub_logs_not_found.txt moved to / se movio a documents
[2026-09-30T09:39:32.337383800] Dell_TrustedDevice_logs_not_found.txt -> documents
[2026-09-30T09:39:32.339445800] Dell_TrustedDevice_logs_not_found.txt moved to / se movio a documents
[2026-09-30T09:39:32.339445800] Diagnostics_Application_WRG4N_WN64_3.0_A00.txt -> documents
[2026-09-30T09:39:32.341604700] Diagnostics_Application_WRG4N_WN64_3.0_A00.txt moved to / se movio a documents
[2026-09-30T09:39:32.341604700] Disk_Drives.txt -> documents
[2026-09-30T09:39:32.342781600] Disk_Drives.txt moved to / se movio a documents
[2026-09-30T09:39:32.342781600] Disk_Volumes.txt -> documents
[2026-09-30T09:39:32.343780700] Disk_Volumes.txt moved to / se movio a documents
[2026-09-30T09:39:32.343780700] Display_Stream_Compression_status.txt -> documents
[2026-09-30T09:39:32.344780400] Display_Stream_Compression_status.txt moved to / se movio a documents
[2026-09-30T09:39:32.344780400] downloaded_from_www.guru3d.com.txt -> documents
[2026-09-30T09:39:32.345812600] downloaded_from_www.guru3d.com.txt moved to / se movio a documents
[2026-09-30T09:39:32.345812600] Drawd of my apps.md -> documents
[2026-09-30T09:39:32.347655600] Drawd of my apps.md moved to / se movio a documents
[2026-09-30T09:39:32.348571600] Driver_Details.txt -> documents
[2026-09-30T09:39:32.348571600] Driver_Details.txt moved to / se movio a documents
[2026-09-30T09:39:32.349577800] Driver_List.txt -> documents
[2026-09-30T09:39:32.349577800] Driver_List.txt moved to / se movio a documents
[2026-09-30T09:39:32.350577400] Driver_Store.txt -> documents
[2026-09-30T09:39:32.351578200] Driver_Store.txt moved to / se movio a documents
[2026-09-30T09:39:32.352649900] DumpStatus.txt -> documents
[2026-09-30T09:39:32.353846100] DumpStatus.txt moved to / se movio a documents
[2026-09-30T09:39:32.354855200] DXdiag.txt -> documents
[2026-09-30T09:39:32.357708900] DXdiag.txt moved to / se movio a documents
[2026-09-30T09:39:32.358704700] Error_State_Drivers.txt -> documents
[2026-09-30T09:39:32.359667300] Error_State_Drivers.txt moved to / se movio a documents
[2026-09-30T09:39:32.359667300] Fonts.md -> documents
[2026-09-30T09:39:32.361674600] Fonts.md moved to / se movio a documents
[2026-09-30T09:39:32.361674600] GenP-4.2.1-info-sha256.md -> documents
[2026-09-30T09:39:32.361674600] GenP-4.2.1-info-sha256.md moved to / se movio a documents
[2026-09-30T09:39:32.363300800] GenP-v4.2.1.exe.hashes.txt -> documents
[2026-09-30T09:39:32.364925800] GenP-v4.2.1.exe.hashes.txt moved to / se movio a documents
[2026-09-30T09:39:32.365432900] Guia 1.md -> documents
[2026-09-30T09:39:32.365432900] Guia 1.md moved to / se movio a documents
[2026-09-30T09:39:32.365432900] Hackaton Design System.md -> documents
[2026-09-30T09:39:32.366439300] Hackaton Design System.md moved to / se movio a documents
[2026-09-30T09:39:32.366439300] Hotfixes.txt -> documents
[2026-09-30T09:39:32.367440200] Hotfixes.txt moved to / se movio a documents
[2026-09-30T09:39:32.367440200] ICDebugLog.txt -> documents
[2026-09-30T09:39:32.368439300] ICDebugLog.txt moved to / se movio a documents
[2026-09-30T09:39:32.368439300] ICHOSTMetadata.txt -> documents
[2026-09-30T09:39:32.369440400] ICHOSTMetadata.txt moved to / se movio a documents
[2026-09-30T09:39:32.370443600] ICRegMSILog.txt -> documents
[2026-09-30T09:39:32.371697100] ICRegMSILog.txt moved to / se movio a documents
[2026-09-30T09:39:32.372650900] informe-financiero-consolidado-bancentro-2025.pdf -> documents
[2026-09-30T09:39:32.373669200] informe-financiero-consolidado-bancentro-2025.pdf moved to / se movio a documents
[2026-09-30T09:39:32.374657700] Installed_Apps.txt -> documents
[2026-09-30T09:39:32.374657700] Installed_Apps.txt moved to / se movio a documents
[2026-09-30T09:39:32.375658900] Installed_Appx.txt -> documents
[2026-09-30T09:39:32.376459800] Installed_Appx.txt moved to / se movio a documents
[2026-09-30T09:39:32.377467600] Intel-BE2xx-AX4xx-AX2xx-9xxx-Wi-Fi-Driver_KGD8K_WIN64_24.40.0.4_A74.txt -> documents
[2026-09-30T09:39:32.377467600] Intel-BE2xx-AX4xx-AX2xx-9xxx-Wi-Fi-Driver_KGD8K_WIN64_24.40.0.4_A74.txt moved to / se movio a documents
[2026-09-30T09:39:32.377467600] IPConfig_all.txt -> documents
[2026-09-30T09:39:32.377467600] IPConfig_all.txt moved to / se movio a documents
[2026-09-30T09:39:32.377467600] Issues and solutions.txt -> documents
[2026-09-30T09:39:32.377467600] Issues and solutions.txt moved to / se movio a documents
[2026-09-30T09:39:32.377467600] LICENSE.txt -> documents
[2026-09-30T09:39:32.377467600] LICENSE.txt moved to / se movio a documents
[2026-09-30T09:39:32.381511700] LogCollectorStatus.txt -> documents
[2026-09-30T09:39:32.381511700] LogCollectorStatus.txt moved to / se movio a documents
[2026-09-30T09:39:32.382520200] Logo thoghts.md -> documents
[2026-09-30T09:39:32.383168300] Logo thoghts.md moved to / se movio a documents
[2026-09-30T09:39:32.383168300] Logo.md -> documents
[2026-09-30T09:39:32.384177400] Logo.md moved to / se movio a documents
[2026-09-30T09:39:32.384177400] Manual de marca.md -> documents
[2026-09-30T09:39:32.384177400] Manual de marca.md moved to / se movio a documents
[2026-09-30T09:39:32.385175300] Meeting started 2026_09_16 20_07 CST - Notes by Gemini (Spanish) (1).docx -> documents
[2026-09-30T09:39:32.386013700] Meeting started 2026_09_16 20_07 CST - Notes by Gemini (Spanish) (1).docx moved to / se movio a documents
[2026-09-30T09:39:32.387072800] Meeting started 2026_09_16 20_07 CST - Notes by Gemini (Spanish).docx -> documents
[2026-09-30T09:39:32.387940700] Meeting started 2026_09_16 20_07 CST - Notes by Gemini (Spanish).docx moved to / se movio a documents
[2026-09-30T09:39:32.387940700] Memory_Info.txt -> documents
[2026-09-30T09:39:32.387940700] Memory_Info.txt moved to / se movio a documents
[2026-09-30T09:39:32.391401700] mindset komorebic.md -> documents
[2026-09-30T09:39:32.392523200] mindset komorebic.md moved to / se movio a documents
[2026-09-30T09:39:32.392523200] Monitor.txt -> documents
[2026-09-30T09:39:32.393364400] Monitor.txt moved to / se movio a documents
[2026-09-30T09:39:32.393364400] Net_Adapter_Adv_Properties.txt -> documents
[2026-09-30T09:39:32.394373300] Net_Adapter_Adv_Properties.txt moved to / se movio a documents
[2026-09-30T09:39:32.394373300] NOTICE.txt -> documents
[2026-09-30T09:39:32.395374600] NOTICE.txt moved to / se movio a documents
[2026-09-30T09:39:32.395374600] OS_Refresh_Upgrade.txt -> documents
[2026-09-30T09:39:32.396374600] OS_Refresh_Upgrade.txt moved to / se movio a documents
[2026-09-30T09:39:32.396374600] P02_Programación Estructurada.pdf -> documents
[2026-09-30T09:39:32.396374600] P02_Programación Estructurada.pdf moved to / se movio a documents
[2026-09-30T09:39:32.397888200] PCIe_Device_Info.txt -> documents
[2026-09-30T09:39:32.399205100] PCIe_Device_Info.txt moved to / se movio a documents
[2026-09-30T09:39:32.399835100] Ping_Test.txt -> documents
[2026-09-30T09:39:32.399835100] Ping_Test.txt moved to / se movio a documents
[2026-09-30T09:39:32.400843500] PNP_Devices.txt -> documents
[2026-09-30T09:39:32.400843500] PNP_Devices.txt moved to / se movio a documents
[2026-09-30T09:39:32.400843500] Power_Schemes.txt -> documents
[2026-09-30T09:39:32.402881600] Power_Schemes.txt moved to / se movio a documents
[2026-09-30T09:39:32.402881600] PPTX Slides.md -> documents
[2026-09-30T09:39:32.403888] PPTX Slides.md moved to / se movio a documents
[2026-09-30T09:39:32.404852900] Provisioning_Packages.txt -> documents
[2026-09-30T09:39:32.407062400] Provisioning_Packages.txt moved to / se movio a documents
[2026-09-30T09:39:32.407062400] README.md -> documents
[2026-09-30T09:39:32.408047400] README.md moved to / se movio a documents
[2026-09-30T09:39:32.408047400] Readme.txt -> documents
[2026-09-30T09:39:32.409044100] Readme.txt moved to / se movio a documents
[2026-09-30T09:39:32.409851500] realtek-pcie-memory-card-reader-driver_4yhv8_win64_10.0.26200.21387_a09.txt -> documents
[2026-09-30T09:39:32.410973] realtek-pcie-memory-card-reader-driver_4yhv8_win64_10.0.26200.21387_a09.txt moved to / se movio a documents
[2026-09-30T09:39:32.411389600] requirements.txt -> documents
[2026-09-30T09:39:32.411863] requirements.txt moved to / se movio a documents
[2026-09-30T09:39:32.411863] Self-Hosted Personal Dashboard Project Idea.md -> documents
[2026-09-30T09:39:32.412874400] Self-Hosted Personal Dashboard Project Idea.md moved to / se movio a documents
[2026-09-30T09:39:32.413871600] Services.txt -> documents
[2026-09-30T09:39:32.413871600] Services.txt moved to / se movio a documents
[2026-09-30T09:39:32.414873400] Software and Alternatives.md -> documents
[2026-09-30T09:39:32.415589300] Software and Alternatives.md moved to / se movio a documents
[2026-09-30T09:39:32.415589300] Startup_Processes.txt -> documents
[2026-09-30T09:39:32.416598900] Startup_Processes.txt moved to / se movio a documents
[2026-09-30T09:39:32.416598900] Steps to learn web development.md -> documents
[2026-09-30T09:39:32.416598900] Steps to learn web development.md moved to / se movio a documents
[2026-09-30T09:39:32.416598900] Still Testing Ideas.md -> documents
[2026-09-30T09:39:32.416598900] Still Testing Ideas.md moved to / se movio a documents
[2026-09-30T09:39:32.419336900] SystemInfo.txt -> documents
[2026-09-30T09:39:32.420346800] SystemInfo.txt moved to / se movio a documents
[2026-09-30T09:39:32.420346800] System_Board.txt -> documents
[2026-09-30T09:39:32.421488900] System_Board.txt moved to / se movio a documents
[2026-09-30T09:39:32.422592800] Taskscheduler.txt -> documents
[2026-09-30T09:39:32.423591800] Taskscheduler.txt moved to / se movio a documents
[2026-09-30T09:39:32.423591800] test results.txt -> documents
[2026-09-30T09:39:32.424597900] test results.txt moved to / se movio a documents
[2026-09-30T09:39:32.424597900] TPM.txt -> documents
[2026-09-30T09:39:32.425598400] TPM.txt moved to / se movio a documents
[2026-09-30T09:39:32.425598400] USB_Devices.txt -> documents
[2026-09-30T09:39:32.426322] USB_Devices.txt moved to / se movio a documents
[2026-09-30T09:39:32.427431] V2.6_changes.txt -> documents
[2026-09-30T09:39:32.427891800] V2.6_changes.txt moved to / se movio a documents
[2026-09-30T09:39:32.427891800] Video.txt -> documents
[2026-09-30T09:39:32.428900800] Video.txt moved to / se movio a documents
[2026-09-30T09:39:32.428900800] WindowsUpdateLog.txt -> documents
[2026-09-30T09:39:32.429902800] WindowsUpdateLog.txt moved to / se movio a documents
[2026-09-30T09:39:32.429902800] Wired_Profiles.txt -> documents
[2026-09-30T09:39:32.429902800] Wired_Profiles.txt moved to / se movio a documents
[2026-09-30T09:39:32.429902800] Wired_Settings.txt -> documents
[2026-09-30T09:39:32.431904700] Wired_Settings.txt moved to / se movio a documents
[2026-09-30T09:39:32.431904700] _For translators - ReadMe.txt -> documents
[2026-09-30T09:39:32.431904700] _For translators - ReadMe.txt moved to / se movio a documents
[2026-09-30T09:39:32.435947500] adb.exe -> executables
[2026-09-30T09:39:32.436963900] adb.exe moved to / se movio a executables
[2026-09-30T09:39:32.437415100] bible_import.exe -> executables
[2026-09-30T09:39:32.439558400] bible_import.exe moved to / se movio a executables
[2026-09-30T09:39:32.439558400] biskeydump_usb.bin -> executables
[2026-09-30T09:39:32.440570300] biskeydump_usb.bin moved to / se movio a executables
[2026-09-30T09:39:32.440570300] bpmpfw.bin -> executables
[2026-09-30T09:39:32.442082] bpmpfw.bin moved to / se movio a executables
[2026-09-30T09:39:32.442082] bpmpfw_b01.bin -> executables
[2026-09-30T09:39:32.444384700] bpmpfw_b01.bin moved to / se movio a executables
[2026-09-30T09:39:32.444384700] composer-bridge-1.6.0-windows-amd64.exe -> executables
[2026-09-30T09:39:32.445397600] composer-bridge-1.6.0-windows-amd64.exe moved to / se movio a executables
[2026-09-30T09:39:32.446578700] composer-bridge.exe -> executables
[2026-09-30T09:39:32.447585900] composer-bridge.exe moved to / se movio a executables
[2026-09-30T09:39:32.447585900] DDU v18.1.6.0.exe -> executables
[2026-09-30T09:39:32.448586300] DDU v18.1.6.0.exe moved to / se movio a executables
[2026-09-30T09:39:32.448586300] Dell-Optimizer-Application_J1H35_WIN_4.2.4.0_A00_01.EXE -> executables
[2026-09-30T09:39:32.449587400] Dell-Optimizer-Application_J1H35_WIN_4.2.4.0_A00_01.EXE moved to / se movio a executables
[2026-09-30T09:39:32.449587400] Dell_Log_Collector_Example_V2.6.cmd -> executables
[2026-09-30T09:39:32.450587100] Dell_Log_Collector_Example_V2.6.cmd moved to / se movio a executables
[2026-09-30T09:39:32.450587100] Display Driver Uninstaller.exe -> executables
[2026-09-30T09:39:32.451809200] Display Driver Uninstaller.exe moved to / se movio a executables
[2026-09-30T09:39:32.452291800] Docker Desktop Installer (1).exe -> executables
[2026-09-30T09:39:32.454302600] Docker Desktop Installer (1).exe moved to / se movio a executables
[2026-09-30T09:39:32.455634500] Docker Desktop Installer.exe -> executables
[2026-09-30T09:39:32.456993800] Docker Desktop Installer.exe moved to / se movio a executables
[2026-09-30T09:39:32.456993800] dotnet-sdk-10.0.401-win-x64.exe -> executables
[2026-09-30T09:39:32.456993800] dotnet-sdk-10.0.401-win-x64.exe moved to / se movio a executables
[2026-09-30T09:39:32.456993800] download.bat -> executables
[2026-09-30T09:39:32.456993800] download.bat moved to / se movio a executables
[2026-09-30T09:39:32.456993800] dpinst32.exe -> executables
[2026-09-30T09:39:32.461773400] dpinst32.exe moved to / se movio a executables
[2026-09-30T09:39:32.461773400] dpscat.exe -> executables
[2026-09-30T09:39:32.461773400] dpscat.exe moved to / se movio a executables
[2026-09-30T09:39:32.463752200] EnableDriverInstallWU.cmd -> executables
[2026-09-30T09:39:32.465936300] EnableDriverInstallWU.cmd moved to / se movio a executables
[2026-09-30T09:39:32.466945700] etc1tool.exe -> executables
[2026-09-30T09:39:32.467948200] etc1tool.exe moved to / se movio a executables
[2026-09-30T09:39:32.468957200] fastboot.exe -> executables
[2026-09-30T09:39:32.471849500] fastboot.exe moved to / se movio a executables
[2026-09-30T09:39:32.473411] FigmaSetup.exe -> executables
[2026-09-30T09:39:32.475978] FigmaSetup.exe moved to / se movio a executables
[2026-09-30T09:39:32.476528300] fusee.bin -> executables
[2026-09-30T09:39:32.477381500] fusee.bin moved to / se movio a executables
[2026-09-30T09:39:32.480182200] Fusee_Atmosphere.bin -> executables
[2026-09-30T09:39:32.481697300] Fusee_Atmosphere.bin moved to / se movio a executables
[2026-09-30T09:39:32.481697300] GboardWu-v18.0.3.954559732-release-arm64-v8a-patches-v3.10.0.apk -> executables
[2026-09-30T09:39:32.483464100] GboardWu-v18.0.3.954559732-release-arm64-v8a-patches-v3.10.0.apk moved to / se movio a executables
[2026-09-30T09:39:32.483464100] GenP-v4.2.1.exe -> executables
[2026-09-30T09:39:32.489468700] GenP-v4.2.1.exe moved to / se movio a executables
[2026-09-30T09:39:32.491486100] hekate_ctcaer_5.0.0.bin -> executables
[2026-09-30T09:39:32.493633200] hekate_ctcaer_5.0.0.bin moved to / se movio a executables
[2026-09-30T09:39:32.494577] hekate_ctcaer_6.5.3.bin -> executables
[2026-09-30T09:39:32.495760] hekate_ctcaer_6.5.3.bin moved to / se movio a executables
[2026-09-30T09:39:32.496897700] hprof-conv.exe -> executables
[2026-09-30T09:39:32.497906] hprof-conv.exe moved to / se movio a executables
[2026-09-30T09:39:32.498548100] HWiNFO32.exe -> executables
[2026-09-30T09:39:32.500559400] HWiNFO32.exe moved to / se movio a executables
[2026-09-30T09:39:32.501569300] HWiNFO64.exe -> executables
[2026-09-30T09:39:32.503608900] HWiNFO64.exe moved to / se movio a executables
[2026-09-30T09:39:32.503608900] HWiNFO_ARM64.exe -> executables
[2026-09-30T09:39:32.505646300] HWiNFO_ARM64.exe moved to / se movio a executables
[2026-09-30T09:39:32.507680] imx_usb.bat -> executables
[2026-09-30T09:39:32.507680] imx_usb.bat moved to / se movio a executables
[2026-09-30T09:39:32.509695300] imx_usb.exe -> executables
[2026-09-30T09:39:32.509695300] imx_usb.exe moved to / se movio a executables
[2026-09-30T09:39:32.511714500] InstallDriver.exe -> executables
[2026-09-30T09:39:32.513758600] InstallDriver.exe moved to / se movio a executables
[2026-09-30T09:39:32.515771800] Installer-7.3.exe -> executables
[2026-09-30T09:39:32.517785400] Installer-7.3.exe moved to / se movio a executables
[2026-09-30T09:39:32.519293300] Intel-Driver-and-Support-Assistant-Installer.exe -> executables
[2026-09-30T09:39:32.520311] Intel-Driver-and-Support-Assistant-Installer.exe moved to / se movio a executables
[2026-09-30T09:39:32.521824700] jdk-21_windows-x64_bin.exe -> executables
[2026-09-30T09:39:32.525377400] jdk-21_windows-x64_bin.exe moved to / se movio a executables
[2026-09-30T09:39:32.525377400] jdk-25_windows-x64_bin.exe -> executables
[2026-09-30T09:39:32.525377400] jdk-25_windows-x64_bin.exe moved to / se movio a executables
[2026-09-30T09:39:32.525377400] make_f2fs.exe -> executables
[2026-09-30T09:39:32.525377400] make_f2fs.exe moved to / se movio a executables
[2026-09-30T09:39:32.525377400] make_f2fs_casefold.exe -> executables
[2026-09-30T09:39:32.529756400] make_f2fs_casefold.exe moved to / se movio a executables
[2026-09-30T09:39:32.529756400] memloader_usb.bin -> executables
[2026-09-30T09:39:32.531769800] memloader_usb.bin moved to / se movio a executables
[2026-09-30T09:39:32.531769800] mke2fs.exe -> executables
[2026-09-30T09:39:32.533436800] mke2fs.exe moved to / se movio a executables
[2026-09-30T09:39:32.533436800] Motorola_Mobile_Drivers_64bit.msi -> executables
[2026-09-30T09:39:32.537122400] Motorola_Mobile_Drivers_64bit.msi moved to / se movio a executables
[2026-09-30T09:39:32.538138200] mtc_tbl_b01.bin -> executables
[2026-09-30T09:39:32.540139] mtc_tbl_b01.bin moved to / se movio a executables
[2026-09-30T09:39:32.541830500] nyx.bin -> executables
[2026-09-30T09:39:32.543880300] nyx.bin moved to / se movio a executables
[2026-09-30T09:39:32.543880300] OCCT.exe -> executables
[2026-09-30T09:39:32.545897200] OCCT.exe moved to / se movio a executables
[2026-09-30T09:39:32.547912800] open_a_terminal_here.bat -> executables
[2026-09-30T09:39:32.550320200] open_a_terminal_here.bat moved to / se movio a executables
[2026-09-30T09:39:32.551245600] PerformanceTest_Windows_x86-64.exe -> executables
[2026-09-30T09:39:32.551753200] PerformanceTest_Windows_x86-64.exe moved to / se movio a executables
[2026-09-30T09:39:32.553786700] reboot_payload.bin -> executables
[2026-09-30T09:39:32.554795700] reboot_payload.bin moved to / se movio a executables
[2026-09-30T09:39:32.556305100] ReiNX.bin -> executables
[2026-09-30T09:39:32.558239100] ReiNX.bin moved to / se movio a executables
[2026-09-30T09:39:32.558239100] rufus-4.15.exe -> executables
[2026-09-30T09:39:32.560619200] rufus-4.15.exe moved to / se movio a executables
[2026-09-30T09:39:32.560619200] run.bat -> executables
[2026-09-30T09:39:32.561620500] run.bat moved to / se movio a executables
[2026-09-30T09:39:32.562134600] run.sh -> executables
[2026-09-30T09:39:32.563409300] run.sh moved to / se movio a executables
[2026-09-30T09:39:32.563409300] sc7entry.bin -> executables
[2026-09-30T09:39:32.563409300] sc7entry.bin moved to / se movio a executables
[2026-09-30T09:39:32.563409300] sc7exit.bin -> executables
[2026-09-30T09:39:32.565425100] sc7exit.bin moved to / se movio a executables
[2026-09-30T09:39:32.565425100] sc7exit_b01.bin -> executables
[2026-09-30T09:39:32.565425100] sc7exit_b01.bin moved to / se movio a executables
[2026-09-30T09:39:32.565425100] scrcpy.exe -> executables
[2026-09-30T09:39:32.565425100] scrcpy.exe moved to / se movio a executables
[2026-09-30T09:39:32.565425100] setup-lightshot.exe -> executables
[2026-09-30T09:39:32.565425100] setup-lightshot.exe moved to / se movio a executables
[2026-09-30T09:39:32.568744100] Software_Fix_v7.6.2.10_setup.exe -> executables
[2026-09-30T09:39:32.569756400] Software_Fix_v7.6.2.10_setup.exe moved to / se movio a executables
[2026-09-30T09:39:32.570756600] sqlite3.exe -> executables
[2026-09-30T09:39:32.571723300] sqlite3.exe moved to / se movio a executables
[2026-09-30T09:39:32.573677700] SupportAssistLauncher.exe -> executables
[2026-09-30T09:39:32.575244] SupportAssistLauncher.exe moved to / se movio a executables
[2026-09-30T09:39:32.575244] SX_Loader.bin -> executables
[2026-09-30T09:39:32.576256] SX_Loader.bin moved to / se movio a executables
[2026-09-30T09:39:32.576256] TegraRcmGUI.exe -> executables
[2026-09-30T09:39:32.577255600] TegraRcmGUI.exe moved to / se movio a executables
[2026-09-30T09:39:32.577255600] TegraRcmSmash.exe -> executables
[2026-09-30T09:39:32.578254400] TegraRcmSmash.exe moved to / se movio a executables
[2026-09-30T09:39:32.578254400] thk.bin -> executables
[2026-09-30T09:39:32.579254400] thk.bin moved to / se movio a executables
[2026-09-30T09:39:32.579254400] ums_sd.bat -> executables
[2026-09-30T09:39:32.579254400] ums_sd.bat moved to / se movio a executables
[2026-09-30T09:39:32.579254400] update.bin -> executables
[2026-09-30T09:39:32.581871] update.bin moved to / se movio a executables
[2026-09-30T09:39:32.581871] VirtualBox-7.2.16-174877-Win.exe -> executables
[2026-09-30T09:39:32.581871] VirtualBox-7.2.16-174877-Win.exe moved to / se movio a executables
[2026-09-30T09:39:32.583132100] windowsdesktop-runtime-8.0.31-win-x64.exe -> executables
[2026-09-30T09:39:32.583132100] windowsdesktop-runtime-8.0.31-win-x64.exe moved to / se movio a executables
[2026-09-30T09:39:32.583132100] xournalpp-mobile-1.1.11.apk -> executables
[2026-09-30T09:39:32.585146700] xournalpp-mobile-1.1.11.apk moved to / se movio a executables
[2026-09-30T09:39:32.585146700] 19a0c588468.90707808b56beaee.png -> images
[2026-09-30T09:39:32.587317100] 19a0c588468.90707808b56beaee.png moved to / se movio a images
[2026-09-30T09:39:32.587664300] 19a0c5e4942.bdb6ef4b192ebb33.png -> images
[2026-09-30T09:39:32.588759800] 19a0c5e4942.bdb6ef4b192ebb33.png moved to / se movio a images
[2026-09-30T09:39:32.589755200] 19a0c61676b.80620952c93c1289.png -> images
[2026-09-30T09:39:32.590110800] 19a0c61676b.80620952c93c1289.png moved to / se movio a images
[2026-09-30T09:39:32.590110800] 19a0c654ec2.bc8ae4db1701631f.png -> images
[2026-09-30T09:39:32.591618100] 19a0c654ec2.bc8ae4db1701631f.png moved to / se movio a images
[2026-09-30T09:39:32.591618100] 19a0c78562d.970bb0bbe99feafa.png -> images
[2026-09-30T09:39:32.591618100] 19a0c78562d.970bb0bbe99feafa.png moved to / se movio a images
[2026-09-30T09:39:32.591618100] 19a0c7b4687.a20a00a9f82f2eb1 1.png -> images
[2026-09-30T09:39:32.591618100] 19a0c7b4687.a20a00a9f82f2eb1 1.png moved to / se movio a images
[2026-09-30T09:39:32.591618100] 19a0c7b4687.a20a00a9f82f2eb1.png -> images
[2026-09-30T09:39:32.591618100] 19a0c7b4687.a20a00a9f82f2eb1.png moved to / se movio a images
[2026-09-30T09:39:32.591618100] 19a0c7e90f0.82c316e4917dd5e9.png -> images
[2026-09-30T09:39:32.595771100] 19a0c7e90f0.82c316e4917dd5e9.png moved to / se movio a images
[2026-09-30T09:39:32.595771100] 19a11da6762.8de3f1532b00cd61 1.png -> images
[2026-09-30T09:39:32.596776900] 19a11da6762.8de3f1532b00cd61 1.png moved to / se movio a images
[2026-09-30T09:39:32.596776900] 19a11da6762.8de3f1532b00cd61.png -> images
[2026-09-30T09:39:32.596776900] 19a11da6762.8de3f1532b00cd61.png moved to / se movio a images
[2026-09-30T09:39:32.597777200] 19c6c053359.9e19f597105ca689 1.png -> images
[2026-09-30T09:39:32.597777200] 19c6c053359.9e19f597105ca689 1.png moved to / se movio a images
[2026-09-30T09:39:32.597777200] 19c6c053359.9e19f597105ca689.png -> images
[2026-09-30T09:39:32.598836800] 19c6c053359.9e19f597105ca689.png moved to / se movio a images
[2026-09-30T09:39:32.598836800] 2026-09-18-11-21-12-686.jpg -> images
[2026-09-30T09:39:32.599837] 2026-09-18-11-21-12-686.jpg moved to / se movio a images
[2026-09-30T09:39:32.599837] 2026-09-18-11-34-32-334.jpg -> images
[2026-09-30T09:39:32.600837] 2026-09-18-11-34-32-334.jpg moved to / se movio a images
[2026-09-30T09:39:32.600837] 2026-09-18-12-15-05-258.jpg -> images
[2026-09-30T09:39:32.602589100] 2026-09-18-12-15-05-258.jpg moved to / se movio a images
[2026-09-30T09:39:32.603668400] 2026-09-18-12-23-53-571.jpg -> images
[2026-09-30T09:39:32.605298200] 2026-09-18-12-23-53-571.jpg moved to / se movio a images
[2026-09-30T09:39:32.606361500] Atmoslogo.bmp -> images
[2026-09-30T09:39:32.606361500] Atmoslogo.bmp moved to / se movio a images
[2026-09-30T09:39:32.606361500] background.bmp -> images
[2026-09-30T09:39:32.606361500] background.bmp moved to / se movio a images
[2026-09-30T09:39:32.606361500] disconnected.png -> images
[2026-09-30T09:39:32.606361500] disconnected.png moved to / se movio a images
[2026-09-30T09:39:32.606361500] icon.png -> images
[2026-09-30T09:39:32.611456300] icon.png moved to / se movio a images
[2026-09-30T09:39:32.611456300] icon_payload.bmp -> images
[2026-09-30T09:39:32.613437900] icon_payload.bmp moved to / se movio a images
[2026-09-30T09:39:32.613437900] icon_switch.bmp -> images
[2026-09-30T09:39:32.614116100] icon_switch.bmp moved to / se movio a images
[2026-09-30T09:39:32.614116100] logoheader.svg -> images
[2026-09-30T09:39:32.615621700] logoheader.svg moved to / se movio a images
[2026-09-30T09:39:32.615621700] OCCT-26916-011107.png -> images
[2026-09-30T09:39:32.615621700] OCCT-26916-011107.png moved to / se movio a images
[2026-09-30T09:39:32.616628700] OCCT-26916-125454.png -> images
[2026-09-30T09:39:32.617631600] OCCT-26916-125454.png moved to / se movio a images
[2026-09-30T09:39:32.617631600] scrcpy.png -> images
[2026-09-30T09:39:32.619190900] scrcpy.png moved to / se movio a images
[2026-09-30T09:39:32.620202] Screenshot 2026-09-18 125350.png -> images
[2026-09-30T09:39:32.620202] Screenshot 2026-09-18 125350.png moved to / se movio a images
[2026-09-30T09:39:32.621531400] WhatsApp Image 2026-09-18 at 4.13.38 PM.jpeg -> images
[2026-09-30T09:39:32.622802200] WhatsApp Image 2026-09-18 at 4.13.38 PM.jpeg moved to / se movio a images
[2026-09-30T09:39:32.623792] Demente.mp3 -> music
[2026-09-30T09:39:32.624237600] Demente.mp3 moved to / se movio a music
[2026-09-30T09:39:32.624237600] Fresh Oil - Live.mp3 -> music
[2026-09-30T09:39:32.624237600] Fresh Oil - Live.mp3 moved to / se movio a music
[2026-09-30T09:39:32.624237600] God of the Impossible - Eleven22 Worship - Topic (128k).mp3 -> music
[2026-09-30T09:39:32.624237600] God of the Impossible - Eleven22 Worship - Topic (128k).mp3 moved to / se movio a music
[2026-09-30T09:39:32.624237600] My One Desire.mp3 -> music
[2026-09-30T09:39:32.624237600] My One Desire.mp3 moved to / se movio a music
[2026-09-30T09:39:32.624237600] The Cross.mp3 -> music
[2026-09-30T09:39:32.629809400] The Cross.mp3 moved to / se movio a music
[2026-09-30T09:39:32.629809400] actujueguito.html -> programming
[2026-09-30T09:39:32.630816500] actujueguito.html moved to / se movio a programming
[2026-09-30T09:39:32.630816500] antiguedad.cs -> programming
[2026-09-30T09:39:32.630816500] antiguedad.cs moved to / se movio a programming
[2026-09-30T09:39:32.631817] AreasFG.cs -> programming
[2026-09-30T09:39:32.631817] AreasFG.cs moved to / se movio a programming
[2026-09-30T09:39:32.632882900] auth.py -> programming
[2026-09-30T09:39:32.632882900] auth.py moved to / se movio a programming
[2026-09-30T09:39:32.633882200] Battery_Report.html -> programming
[2026-09-30T09:39:32.633882200] Battery_Report.html moved to / se movio a programming
[2026-09-30T09:39:32.633882200] Burbuja.cs -> programming
[2026-09-30T09:39:32.635006300] Burbuja.cs moved to / se movio a programming
[2026-09-30T09:39:32.635869900] Ca-1.cs -> programming
[2026-09-30T09:39:32.636888300] Ca-1.cs moved to / se movio a programming
[2026-09-30T09:39:32.637663100] Ca.cs -> programming
[2026-09-30T09:39:32.638620800] Ca.cs moved to / se movio a programming
[2026-09-30T09:39:32.638620800] Cadenas.cs -> programming
[2026-09-30T09:39:32.642867200] Cadenas.cs moved to / se movio a programming
[2026-09-30T09:39:32.643868400] Cedula.cs -> programming
[2026-09-30T09:39:32.643868400] Cedula.cs moved to / se movio a programming
[2026-09-30T09:39:32.644868100] CInssL.cs -> programming
[2026-09-30T09:39:32.645868] CInssL.cs moved to / se movio a programming
[2026-09-30T09:39:32.645868] Circulo.cs -> programming
[2026-09-30T09:39:32.646868900] Circulo.cs moved to / se movio a programming
[2026-09-30T09:39:32.646868900] clases.csproj -> programming
[2026-09-30T09:39:32.646868900] clases.csproj moved to / se movio a programming
[2026-09-30T09:39:32.646868900] Conversion.cs -> programming
[2026-09-30T09:39:32.646868900] Conversion.cs moved to / se movio a programming
[2026-09-30T09:39:32.649584100] conversiones.cs -> programming
[2026-09-30T09:39:32.649584100] conversiones.cs moved to / se movio a programming
[2026-09-30T09:39:32.650591200] Conversor(gemini me lo paso a metodos xdd).cs -> programming
[2026-09-30T09:39:32.650591200] Conversor(gemini me lo paso a metodos xdd).cs moved to / se movio a programming
[2026-09-30T09:39:32.651590800] Device_Wake_Armed.html -> programming
[2026-09-30T09:39:32.652657300] Device_Wake_Armed.html moved to / se movio a programming
[2026-09-30T09:39:32.652657300] EjPilas.cs -> programming
[2026-09-30T09:39:32.654079] EjPilas.cs moved to / se movio a programming
[2026-09-30T09:39:32.655740500] Energy.html -> programming
[2026-09-30T09:39:32.657340400] Energy.html moved to / se movio a programming
[2026-09-30T09:39:32.657340400] Factorial.cs -> programming
[2026-09-30T09:39:32.658346100] Factorial.cs moved to / se movio a programming
[2026-09-30T09:39:32.658346100] Factura.cs -> programming
[2026-09-30T09:39:32.659346700] Factura.cs moved to / se movio a programming
[2026-09-30T09:39:32.659346700] GPO_List.html -> programming
[2026-09-30T09:39:32.660346100] GPO_List.html moved to / se movio a programming
[2026-09-30T09:39:32.660346100] graph_client.py -> programming
[2026-09-30T09:39:32.661651] graph_client.py moved to / se movio a programming
[2026-09-30T09:39:32.661651] importer.py -> programming
[2026-09-30T09:39:32.661651] importer.py moved to / se movio a programming
[2026-09-30T09:39:32.661651] impuesto.cs -> programming
[2026-09-30T09:39:32.661651] impuesto.cs moved to / se movio a programming
[2026-09-30T09:39:32.661651] index.html -> programming
[2026-09-30T09:39:32.661651] index.html moved to / se movio a programming
[2026-09-30T09:39:32.661651] Insercion.cs -> programming
[2026-09-30T09:39:32.666282200] Insercion.cs moved to / se movio a programming
[2026-09-30T09:39:32.666282200] main.py -> programming
[2026-09-30T09:39:32.667291900] main.py moved to / se movio a programming
[2026-09-30T09:39:32.667291900] md_converter.py -> programming
[2026-09-30T09:39:32.668291900] md_converter.py moved to / se movio a programming
[2026-09-30T09:39:32.668291900] Num.cs -> programming
[2026-09-30T09:39:32.669292300] Num.cs moved to / se movio a programming
[2026-09-30T09:39:32.669292300] Numeros.cs -> programming
[2026-09-30T09:39:32.670291900] Numeros.cs moved to / se movio a programming
[2026-09-30T09:39:32.671645900] palindromo.cs -> programming
[2026-09-30T09:39:32.673243900] palindromo.cs moved to / se movio a programming
[2026-09-30T09:39:32.673243900] posbasico.cs -> programming
[2026-09-30T09:39:32.674250500] posbasico.cs moved to / se movio a programming
[2026-09-30T09:39:32.674250500] Prog.cs -> programming
[2026-09-30T09:39:32.675250300] Prog.cs moved to / se movio a programming
[2026-09-30T09:39:32.675250300] Program-1.cs -> programming
[2026-09-30T09:39:32.676248100] Program-1.cs moved to / se movio a programming
[2026-09-30T09:39:32.676248100] Program-2.cs -> programming
[2026-09-30T09:39:32.676999200] Program-2.cs moved to / se movio a programming
[2026-09-30T09:39:32.676999200] Program.cs -> programming
[2026-09-30T09:39:32.676999200] Program.cs moved to / se movio a programming
[2026-09-30T09:39:32.676999200] Seleccion.cs -> programming
[2026-09-30T09:39:32.676999200] Seleccion.cs moved to / se movio a programming
[2026-09-30T09:39:32.676999200] session.lock -> programming
[2026-09-30T09:39:32.676999200] session.lock moved to / se movio a programming
[2026-09-30T09:39:32.676999200] Sleepstudy.html -> programming
[2026-09-30T09:39:32.676999200] Sleepstudy.html moved to / se movio a programming
[2026-09-30T09:39:32.681597] Temp.cs -> programming
[2026-09-30T09:39:32.682716500] Temp.cs moved to / se movio a programming
[2026-09-30T09:39:32.682716500] vault_walker.py -> programming
[2026-09-30T09:39:32.683726700] vault_walker.py moved to / se movio a programming
[2026-09-30T09:39:32.683726700] wlan-report-latest.html -> programming
[2026-09-30T09:39:32.684725100] wlan-report-latest.html moved to / se movio a programming
[2026-09-30T09:39:32.684725100] Abril-Mayo Floristería Guardabarranco.xlsx -> spreadsheets
[2026-09-30T09:39:35.821520900] Abril-Mayo Floristería Guardabarranco.xlsx moved to / se movio a spreadsheets
[2026-09-30T09:39:35.823321700] Application_EventLog.csv -> spreadsheets
[2026-09-30T09:39:35.823321700] Application_EventLog.csv moved to / se movio a spreadsheets
[2026-09-30T09:39:35.823321700] Calificaciones Programacion Estructurada 1M1-SIS-S.xlsx -> spreadsheets
[2026-09-30T09:39:35.825171600] Calificaciones Programacion Estructurada 1M1-SIS-S.xlsx moved to / se movio a spreadsheets
[2026-09-30T09:39:35.825171600] estres1.CSV -> spreadsheets
[2026-09-30T09:39:35.825171600] estres1.CSV moved to / se movio a spreadsheets
[2026-09-30T09:39:35.825171600] Procesohistrico-Causasprincipales-Consecuenciaspri (1).csv -> spreadsheets
[2026-09-30T09:39:35.827242300] Procesohistrico-Causasprincipales-Consecuenciaspri (1).csv moved to / se movio a spreadsheets
[2026-09-30T09:39:35.827242300] processes.csv -> spreadsheets
[2026-09-30T09:39:35.828971100] processes.csv moved to / se movio a spreadsheets
[2026-09-30T09:39:35.828971100] System_EventLog.csv -> spreadsheets
[2026-09-30T09:39:35.829981100] System_EventLog.csv moved to / se movio a spreadsheets
